Leq( Avg),total vehicles,2W,3W,4w,HV,Distance of residents from the road,Age,Health Hazards,,,,,,,,,,,
80.65,777,557,60,137,23,60.5,3,5,,,,,,,,,,,
93.75,862,601,82,152,27,91.8,4,3,,,,,,,,,,,
86.15,710,512,64,113,21,38.08,1,5,,,,,,,,,,,
98.65,809,610,55,124,20,123.92,2,4,,,,,,,,,,,
91.45,786,555,69,135,27,353.87,2,3,,,,,,,,,,,
83.40,824,586,72,135,31,393.98,2,4,,,,,,,,,,,
92.80,787,560,62,138,27,26.87,4,2,,,,,,,,,,,
84.60,874,604,84,153,33,8.12,3,5,,,,,,,,,,,
88.30,718,515,66,114,23,6.67,2,4,,,,,,,,,,,
89.50,821,613,57,125,26,12.45,2,5,,,,,,,,,,,
81.00,798,558,71,136,33,46.72,3,5,,,,,,,,,,,
92.00,854,589,74,154,37,11,2,4,,,,,,,,,,,
81.40,807,599,64,117,27,10.08,3,3,,,,,,,,,,,
89.20,770,510,86,135,39,86.29,4,5,,,,,,,,,,,
88.70,834,608,68,136,22,33.22,3,3,,,,,,,,,,,
77.25,804,553,59,169,23,7.21,3,3,,,,,,,,,,,
81.71,787,584,73,113,17,12.99,2,4,,,,,,,,,,,
79.75,774,558,76,124,16,47.26,2,3,,,,,,,,,,,
84.25,732,508,66,135,23,11.54,4,4,,,,,,,,,,,
83.45,822,606,59,130,27,10.62,2,3,,,,,,,,,,,
85.92,765,551,73,114,27,86.83,4,5,,,,,,,,,,,
95.68,792,582,76,122,12,33.76,3,2,,,,,,,,,,,
91.68,769,556,66,129,18,28.148,2,2,,,,,,,,,,,
97.70,851,600,88,144,19,9.398,2,5,,,,,,,,,,,
90.59,724,511,70,122,21,7.948,3,2,,,,,,,,,,,
78.35,824,609,61,134,20,13.728,5,3,,,,,,,,,,,
93.75,792,554,75,143,20,47.998,3,5,,,,,,,,,,,
86.15,820,585,78,134,23,12.278,4,2,,,,,,,,,,,
98.65,851,612,68,147,24,11.358,3,2,,,,,,,,,,,
91.45,788,557,90,118,23,87.568,3,3,,,,,,,,,,,
80.95,804,588,72,123,21,34.498,4,5,,,,,,,,,,,
90.95,784,562,63,135,24,8.488,1,4,,,,,,,,,,,
80.65,859,606,77,162,14,14.268,2,5,,,,,,,,,,,
88.25,719,517,59,118,25,48.538,2,4,,,,,,,,,,,
89.55,811,615,50,125,21,12.818,3,3,,,,,,,,,,,
75.25,788,560,64,139,25,11.898,4,5,,,,,,,,,,,
95.68,820,591,67,143,19,88.108,3,2,,,,,,,,,,,
83.25,805,589,57,138,21,35.038,5,4,,,,,,,,,,,
97.70,789,563,79,122,25,29.426,4,2,,,,,,,,,,,
90.59,817,607,61,120,29,10.676,1,4,,,,,,,,,,,
73.25,711,518,52,116,25,9.226,2,3,,,,,,,,,,,
91.43,867,616,66,158,27,15.006,2,4,,,,,,,,,,,
85.67,778,561,69,127,21,393.42,4,2,,,,,,,,,,,
84.10,813,592,59,144,18,26.31,5,3,,,,,,,,,,,
88.30,850,602,81,138,29,7.56,2,2,,,,,,,,,,,
75.75,750,513,75,133,29,6.11,2,5,,,,,,,,,,,
93.25,811,611,65,107,28,11.89,2,2,,,,,,,,,,,
86.75,785,556,87,115,27,46.16,3,3,,,,,,,,,,,
94.05,805,587,69,121,28,10.44,4,3,,,,,,,,,,,
89.75,849,608,60,153,28,9.52,1,4,,,,,,,,,,,
77.25,761,553,74,107,27,85.73,2,5,,,,,,,,,,,
88.55,796,584,77,115,20,32.66,2,4,,,,,,,,,,,
79.01,793,558,67,134,34,6.65,2,3,,,,,,,,,,,
91.35,888,602,89,164,33,12.43,4,2,,,,,,,,,,,
94.25,737,513,71,119,34,46.7,3,5,,,,,,,,,,,
85.92,822,611,62,121,28,10.98,2,4,,,,,,,,,,,
90.05,794,556,76,129,33,10.06,2,2,,,,,,,,,,,
83.15,834,587,79,147,21,86.27,3,5,,,,,,,,,,,
96.11,793,597,57,122,17,33.2,4,5,,,,,,,,,,,
92.25,735,508,71,127,29,27.588,3,5,,,,,,,,,,,
80.35,829,592,74,135,28,8.838,3,4,,,,,,,,,,,
95.25,784,566,64,124,30,7.388,4,5,,,,,,,,,,,
87.15,866,610,86,143,27,13.168,3,4,,,,,,,,,,,
91.95,748,521,68,132,27,47.438,5,3,,,,,,,,,,,
90.55,836,619,59,136,22,11.718,1,1,,,,,,,,,,,
78.55,778,564,73,117,24,10.798,2,5,,,,,,,,,,,
93.75,800,595,76,115,14,87.008,2,1,,,,,,,,,,,
83.85,830,605,66,129,30,33.938,5,4,,,,,,,,,,,
80.55,785,516,88,162,19,7.928,4,4,,,,,,,,,,,
83.85,806,614,70,101,21,13.708,3,5,,,,,,,,,,,
86.95,808,607,61,118,22,61.28,2,5,,,,,,,,,,,
90.55,778,552,65,139,22,92.58,2,4,,,,,,,,,,,
82.15,829,583,68,162,16,38.86,5,3,,,,,,,,,,,
90.55,813,610,58,116,29,124.7,2,5,,,,,,,,,,,
90.75,814,555,80,151,28,354.65,3,5,,,,,,,,,,,
80.95,785,586,62,108,29,394.76,4,5,,,,,,,,,,,
88.85,752,560,53,116,23,27.65,3,4,,,,,,,,,,,
81.35,821,604,67,122,28,8.9,3,3,,,,,,,,,,,
92.85,816,596,70,131,19,7.45,4,3,,,,,,,,,,,
87.45,783,591,60,106,26,13.23,1,4,,,,,,,,,,,
76.05,792,565,82,114,31,47.5,2,2,,,,,,,,,,,
91.35,818,609,64,121,24,11.78,2,4,,,,,,,,,,,
79.01,737,520,58,133,26,10.86,4,5,,,,,,,,,,,
88.25,835,618,72,115,30,87.07,1,1,,,,,,,,,,,
87.45,826,563,75,152,36,34,2,5,,,,,,,,,,,
73.20,794,594,65,103,32,7.99,5,4,,,,,,,,,,,
94.20,851,604,87,123,37,13.77,2,5,,,,,,,,,,,
80.60,756,525,69,138,24,48.04,3,5,,,,,,,,,,,
96.10,843,623,60,129,31,12.32,4,4,,,,,,,,,,,
89.20,799,568,74,135,22,11.4,3,3,,,,,,,,,,,
76.25,810,599,77,110,24,87.61,3,5,,,,,,,,,,,
89.25,810,609,61,110,30,34.54,4,5,,,,,,,,,,,
86.85,731,520,75,116,20,28.928,5,4,,,,,,,,,,,
94.55,867,618,78,148,23,10.178,2,3,,,,,,,,,,,
91.85,826,611,68,117,30,8.728,2,5,,,,,,,,,,,
80.55,771,513,90,134,34,14.508,4,4,,,,,,,,,,,
95.68,838,611,72,131,24,48.778,1,3,,,,,,,,,,,
86.15,790,556,63,136,35,13.058,2,5,,,,,,,,,,,
90.85,845,587,77,155,26,12.138,2,4,,,,,,,,,,,
94.05,779,561,83,108,27,88.348,2,2,,,,,,,,,,,
78.25,817,605,65,126,21,35.278,3,5,,,,,,,,,,,
93.25,721,516,56,127,22,9.268,4,4,,,,,,,,,,,
80.55,867,614,70,160,23,15.048,1,5,,,,,,,,,,,
86.95,765,559,73,104,29,49.318,2,3,,,,,,,,,,,
83.25,794,590,57,115,32,13.598,2,5,,,,,,,,,,,
73.85,845,617,71,126,31,12.678,2,5,,,,,,,,,,,
93.75,762,523,74,131,34,88.888,4,5,,,,,,,,,,,
86.15,821,621,64,105,31,35.818,5,4,,,,,,,,,,,
98.65,847,614,86,113,34,30.206,2,3,,,,,,,,,,,
91.45,791,559,85,120,27,11.456,5,2,,,,,,,,,,,
75.53,820,590,67,135,28,10.006,3,4,,,,,,,,,,,
87.30,823,617,58,113,35,15.786,2,3,,,,,,,,,,,
81.10,795,562,72,125,36,394.2,3,2,,,,,,,,,,,
85.64,838,593,78,134,33,27.09,4,4,,,,,,,,,,,
88.90,792,567,60,125,40,8.34,3,5,,,,,,,,,,,
83.15,833,611,51,138,33,6.89,3,4,,,,,,,,,,,
91.65,804,603,65,109,27,12.67,4,5,,,,,,,,,,,
79.25,803,598,68,114,23,46.94,1,4,,,,,,,,,,,
93.45,763,572,52,113,26,11.22,2,3,,,,,,,,,,,
87.45,781,573,66,115,27,10.3,2,5,,,,,,,,,,,
75.68,824,604,69,128,23,86.51,1,4,,,,,,,,,,,
93.65,883,614,85,156,28,33.44,2,3,,,,,,,,,,,
81.75,722,525,67,109,21,7.43,2,5,,,,,,,,,,,
92.25,830,623,58,127,22,13.21,2,5,,,,,,,,,,,
91.25,832,616,72,128,16,47.48,4,5,,,,,,,,,,,
75.67,781,518,75,164,24,11.76,3,4,,,,,,,,,,,
84.05,822,616,65,118,23,10.84,2,3,,,,,,,,,,,
80.10,796,561,87,121,27,87.05,2,3,,,,,,,,,,,
79.05,812,592,69,131,20,33.98,3,5,,,,,,,,,,,
81.92,807,566,61,151,29,28.368,5,4,,,,,,,,,,,
75.46,800,610,52,116,22,9.618,5,3,,,,,,,,,,,
87.12,733,521,66,124,22,8.168,4,3,,,,,,,,,,,
83.45,781,563,69,121,28,13.948,3,5,,,,,,,,,,,
91.25,837,607,59,139,32,48.218,2,4,,,,,,,,,,,
79.25,747,518,81,120,28,12.498,2,4,,,,,,,,,,,
72.49,835,616,63,126,30,11.578,3,5,,,,,,,,,,,
82.12,779,561,54,140,24,87.788,2,4,,,,,,,,,,,
79.75,820,592,68,134,26,34.718,3,3,,,,,,,,,,,
91.25,809,566,71,139,33,8.708,5,5,,,,,,,,,,,
92.25,819,610,61,110,38,14.488,2,5,,,,,,,,,,,
72.49,744,521,83,115,25,62.06,2,4,,,,,,,,,,,
79.25,848,619,79,127,23,93.36,2,4,,,,,,,,,,,
84.55,825,564,75,154,32,39.64,4,5,,,,,,,,,,,
90.25,802,595,71,105,31,125.48,3,5,,,,,,,,,,,
89.45,829,605,67,125,32,355.43,2,5,,,,,,,,,,,
78.95,751,516,63,140,32,395.54,2,5,,,,,,,,,,,
83.45,835,614,59,131,31,28.43,3,4,,,,,,,,,,,
79.01,832,617,55,137,23,9.68,2,3,,,,,,,,,,,
89.75,796,610,51,112,23,8.23,5,5,,,,,,,,,,,
83.45,749,555,57,112,25,14.01,4,4,,,,,,,,,,,
71.35,787,586,53,118,30,48.28,3,3,,,,,,,,,,,
87.75,868,613,85,150,20,12.56,2,5,,,,,,,,,,,
84.25,769,558,67,119,25,11.64,3,5,,,,,,,,,,,
93.85,812,589,58,136,29,87.85,4,4,,,,,,,,,,,
80.30,799,563,72,133,31,34.78,3,5,,,,,,,,,,,
71.30,847,607,75,138,27,8.77,2,2,,,,,,,,,,,
88.30,793,599,59,104,31,14.55,2,4,,,,,,,,,,,
81.00,805,594,73,111,27,48.82,2,5,,,,,,,,,,,
89.50,805,568,76,132,29,13.1,4,2,,,,,,,,,,,
87.10,850,606,66,155,23,12.18,3,5,,,,,,,,,,,
76.43,821,598,88,109,26,88.39,2,5,,,,,,,,,,,
89.55,813,593,88,107,25,35.32,5,4,,,,,,,,,,,
80.30,795,567,70,129,29,29.708,3,5,,,,,,,,,,,
83.45,869,611,61,162,35,10.958,2,5,,,,,,,,,,,
87.15,739,522,75,111,31,9.508,3,5,,,,,,,,,,,
77.01,851,620,78,118,35,15.288,5,4,,,,,,,,,,,
87.15,781,565,62,129,25,49.558,3,3,,,,,,,,,,,
80.65,848,596,76,139,37,13.838,2,5,,,,,,,,,,,
94.95,819,606,79,114,20,12.918,2,1,,,,,,,,,,,
90.35,737,527,69,119,22,89.128,3,3,,,,,,,,,,,
77.25,871,625,89,127,30,36.058,2,5,,,,,,,,,,,
87.63,791,570,73,116,32,10.048,3,1,,,,,,,,,,,
79.01,845,601,86,130,28,15.828,4,3,,,,,,,,,,,
88.85,844,611,68,132,33,50.098,2,4,,,,,,,,,,,
85.85,748,522,59,137,30,14.378,4,2,,,,,,,,,,,
77.25,788,594,73,105,16,13.458,3,5,,,,,,,,,,,
87.25,807,592,79,114,22,89.668,2,5,,,,,,,,,,,
82.45,776,566,61,122,27,36.598,2,3,,,,,,,,,,,
98.65,855,610,52,164,29,30.986,3,3,,,,,,,,,,,
84.85,744,521,66,128,29,12.236,2,1,,,,,,,,,,,
78.84,844,619,69,126,30,10.786,3,5,,,,,,,,,,,
95.25,783,564,53,140,26,16.566,4,3,,,,,,,,,,,
83.45,853,595,67,170,21,394.98,3,1,,,,,,,,,,,
96.11,810,605,70,112,23,27.87,5,3,,,,,,,,,,,
87.45,766,516,60,166,24,9.12,2,4,,,,,,,,,,,
78.85,851,614,82,130,25,7.67,3,5,,,,,,,,,,,
86.63,791,559,79,128,25,13.45,2,3,,,,,,,,,,,
79.75,844,614,63,139,28,47.72,3,5,,,,,,,,,,,
80.55,803,559,77,139,28,12,4,4,,,,,,,,,,,
85.65,816,590,80,117,29,11.08,2,3,,,,,,,,,,,
78.45,825,600,70,125,30,87.29,5,4,,,,,,,,,,,
93.75,758,521,92,117,28,34.22,5,2,,,,,,,,,,,
80.65,870,619,74,141,36,8.21,2,5,,,,,,,,,,,
92.75,776,564,65,122,25,13.99,2,4,,,,,,,,,,,
88.81,862,595,79,168,20,48.26,3,5,,,,,,,,,,,
76.05,815,605,85,107,18,12.54,2,5,,,,,,,,,,,
93.75,730,516,67,128,19,11.62,3,4,,,,,,,,,,,
86.15,845,614,58,153,20,87.83,4,3,,,,,,,,,,,
92.75,833,607,72,137,17,34.76,3,5,,,,,,,,,,,
91.45,743,509,75,142,17,29.148,2,3,,,,,,,,,,,
78.35,803,607,59,113,24,10.398,3,4,,,,,,,,,,,
89.45,728,517,73,114,24,8.948,2,1,,,,,,,,,,,
78.84,843,615,76,125,27,14.728,3,2,,,,,,,,,,,
92.53,793,560,66,143,24,48.998,4,5,,,,,,,,,,,
85.79,818,591,88,111,28,13.278,3,4,,,,,,,,,,,
80.65,859,601,87,150,21,12.358,2,1,,,,,,,,,,,
97.70,736,512,69,134,21,88.568,2,2,,,,,,,,,,,
86.15,840,610,60,142,28,35.498,2,5,,,,,,,,,,,
91.45,825,555,74,163,33,9.488,4,2,,,,,,,,,,,
86.63,802,586,80,111,25,15.268,3,4,,,,,,,,,,,
74.65,768,560,62,122,24,62.84,2,5,,,,,,,,,,,
83.15,741,510,53,143,35,94.14,2,2,,,,,,,,,,,
79.45,876,608,67,166,35,40.42,3,5,,,,,,,,,,,
95.25,777,553,70,120,34,126.26,2,5,,,,,,,,,,,
87.45,790,584,54,118,34,356.21,3,4,,,,,,,,,,,
77.95,785,558,68,132,27,396.32,4,2,,,,,,,,,,,
86.95,844,602,71,142,29,29.21,3,5,,,,,,,,,,,
83.61,748,513,87,117,31,10.46,3,5,,,,,,,,,,,
88.45,841,611,69,136,25,9.01,5,5,,,,,,,,,,,
88.45,807,556,60,163,28,14.79,1,1,,,,,,,,,,,
77.28,744,521,74,114,35,49.06,2,4,,,,,,,,,,,
79.25,902,619,77,167,39,13.34,2,5,,,,,,,,,,,
84.95,829,612,67,121,29,12.42,2,4,,,,,,,,,,,
97.65,801,557,89,126,29,88.63,2,1,,,,,,,,,,,
88.15,826,588,71,138,29,35.56,3,5,,,,,,,,,,,
82.4,892,675,85,121,11,38.25,3,1,,,,,,,,,,,
95.5,731,540,72,108,11,14.24,2,5,,,,,,,,,,,
87.9,668,493,66,99,10,17.21,4,4,,,,,,,,,,,
100.4,969,723,97,138,11,55.53,3,3,,,,,,,,,,,
93.2,509,386,50,65,8,17.01,2,5,,,,,,,,,,,
85.1,551,405,54,80,12,54.52,3,4,,,,,,,,,,,
94.5,770,620,68,73,9,50.76,4,2,,,,,,,,,,,
86.3,729,535,77,104,13,14.33,3,1,,,,,,,,,,,
90,596,423,59,105,9,21.27,1,3,,,,,,,,,,,
91.2,603,398,81,109,15,40,5,5,,,,,,,,,,,
82,777,557,60,137,23,272.03,4,4,,,,,,,,,,,
93,857,601,82,152,22,298.44,4,2,,,,,,,,,,,
82.4,710,512,64,113,21,195,1,1,,,,,,,,,,,
90.2,805,610,55,124,16,321,3,3,,,,,,,,,,,
89.7,786,555,69,135,27,15.3,4,1,,,,,,,,,,,
79,847,586,72,165,24,11.25,2,5,,,,,,,,,,,
83.46,882,671,82,118,11,14.52,3,4,,,,,,,,,,,
81.5,721,536,69,105,11,21.06,2,3,,,,,,,,,,,
86,658,489,63,96,10,17.27,5,3,,,,,,,,,,,
85.2,959,719,94,135,11,298.186,3,3,,,,,,,,,,,
87.67,499,382,47,62,8,194.746,5,5,,,,,,,,,,,
97.43,541,401,51,77,12,320.746,3,1,,,,,,,,,,,
93.43,768,616,65,70,17,15.046,2,3,,,,,,,,,,,
99.45,719,531,74,101,13,10.996,2,4,,,,,,,,,,,
92.34,586,419,56,102,9,14.266,2,4,,,,,,,,,,,
80.1,593,394,78,106,15,20.806,3,1,,,,,,,,,,,
95.5,767,553,57,134,23,17.016,2,5,,,,,,,,,,,
87.9,847,597,79,149,22,297.932,2,2,,,,,,,,,,,
100.4,700,508,61,110,21,194.492,3,4,,,,,,,,,,,
93.2,795,606,52,121,16,40,2,4,,,,,,,,,,,
82.7,781,542,74,142,23,15.99,3,1,,,,,,,,,,,
92.7,705,495,56,137,17,18.96,2,4,,,,,,,,,,,
82.4,924,725,78,111,10,57.28,4,2,,,,,,,,,,,
90,576,388,57,119,12,18.76,2,5,,,,,,,,,,,
91.3,618,407,79,115,17,56.27,3,5,,,,,,,,,,,
77,868,622,61,174,11,52.51,4,3,,,,,,,,,,,
97.43,714,537,52,109,16,16.08,3,5,,,,,,,,,,,
85,601,425,66,96,14,23.02,2,5,,,,,,,,,,,
99.45,572,400,69,90,13,41.75,2,2,,,,,,,,,,,
92.34,768,559,79,119,11,273.78,2,3,,,,,,,,,,,
75,743,603,66,62,12,300.19,4,5,,,,,,,,,,,
93.43,656,514,60,65,17,196.75,3,4,,,,,,,,,,,
87.67,792,612,91,71,18,38.6,3,2,,,,,,,,,,,
86.1,701,557,44,87,13,14.59,2,4,,,,,,,,,,,
90.3,752,588,48,105,11,17.56,2,3,,,,,,,,,,,
78,826,614,64,124,24,55.88,4,5,,,,,,,,,,,
95.5,690,529,73,68,20,17.36,2,5,,,,,,,,,,,
89,558,417,55,69,17,54.87,3,2,,,,,,,,,,,
96.3,565,392,77,77,19,51.11,3,3,,,,,,,,,,,
92,730,551,56,100,23,14.68,3,4,,,,,,,,,,,
79,810,595,78,120,17,21.62,3,3,,,,,,,,,,,
90.3,685,506,60,106,13,40.35,4,3,,,,,,,,,,,
80.76,809,604,51,139,15,272.38,1,4,,,,,,,,,,,
93.1,770,540,73,145,12,298.79,2,2,,,,,,,,,,,
96,660,493,55,106,6,195.35,2,4,,,,,,,,,,,
87.67,925,723,77,117,8,271.47,4,5,,,,,,,,,,,
91.8,587,386,56,137,8,297.88,1,1,,,,,,,,,,,
84.9,615,405,78,127,5,194.44,2,5,,,,,,,,,,,
97.86,799,620,60,112,7,320.44,5,4,,,,,,,,,,,
94,721,535,51,116,19,14.74,2,5,,,,,,,,,,,
82.1,628,423,65,123,17,10.69,3,5,,,,,,,,,,,
97,654,398,68,167,21,13.96,4,4,,,,,,,,,,,
88.9,750,557,78,95,20,20.5,3,3,,,,,,,,,,,
93.7,772,601,65,91,15,16.71,3,5,,,,,,,,,,,
92.3,674,512,59,79,24,297.626,4,5,,,,,,,,,,,
80.3,848,610,90,125,23,194.186,5,4,,,,,,,,,,,
95.5,672,555,43,54,20,195.87,2,3,,,,,,,,,,,
85.6,719,586,47,72,14,321.87,2,5,,,,,,,,,,,
82.3,761,612,63,68,18,16.17,4,4,,,,,,,,,,,
85.6,707,527,72,99,9,12.12,1,3,,,,,,,,,,,
88.7,576,415,54,100,7,15.39,2,5,,,,,,,,,,,
92.3,604,390,76,131,7,21.93,2,4,,,,,,,,,,,
83.9,930,717,65,133,15,18.14,2,2,,,,,,,,,,,
92.3,589,380,59,134,16,299.056,3,5,,,,,,,,,,,
92.5,610,399,90,101,20,195.616,4,4,,,,,,,,,,,
82.7,776,614,43,108,11,321.616,4,5,,,,,,,,,,,
90.6,704,529,47,117,11,15.916,3,3,,,,,,,,,,,
83.1,624,417,63,127,17,319.946,3,3,,,,,,,,,,,
94.6,576,392,72,91,21,14.246,2,4,,,,,,,,,,,
89.2,727,551,54,105,17,10.196,2,3,,,,,,,,,,,
77.8,794,595,76,107,16,13.466,4,4,,,,,,,,,,,
93.1,742,506,55,160,21,20.006,2,3,,,,,,,,,,,
80.76,788,604,77,95,12,16.216,4,5,,,,,,,,,,,
90,697,540,59,92,6,297.132,3,2,,,,,,,,,,,
89.2,631,493,50,78,10,193.692,2,2,,,,,,,,,,,
75,929,723,72,126,8,39.2,2,5,,,,,,,,,,,
96,512,386,54,63,9,15.19,3,2,,,,,,,,,,,
82.4,557,405,76,69,7,18.16,5,3,,,,,,,,,,,
97.9,750,620,55,65,10,56.48,1,5,,,,,,,,,,,
91,713,535,77,89,12,17.96,2,5,,,,,,,,,,,
78,577,423,59,88,7,55.47,3,4,,,,,,,,,,,
91,571,398,50,116,7,51.71,4,2,,,,,,,,,,,
88.6,750,557,64,112,17,15.28,3,1,,,,,,,,,,,
96.3,809,601,67,123,18,22.22,2,4,,,,,,,,,,,
93.6,691,512,77,90,12,40.95,4,2,,,,,,,,,,,
82.3,788,610,64,101,13,272.98,2,5,,,,,,,,,,,
97.43,742,555,58,117,12,197.217,3,5,,,,,,,,,,,
87.9,819,586,89,128,16,39.067,4,3,,,,,,,,,,,
92.6,759,612,42,90,15,15.057,3,5,,,,,,,,,,,
95.8,689,527,46,106,10,18.027,2,5,,,,,,,,,,,
80,614,415,62,116,21,56.347,2,2,,,,,,,,,,,
95,626,390,71,157,8,17.827,2,4,,,,,,,,,,,
82.3,761,531,75,132,23,55.337,3,3,,,,,,,,,,,
88.7,636,419,57,136,24,51.577,4,5,,,,,,,,,,,
85,606,394,79,103,30,15.147,3,3,,,,,,,,,,,
75.6,740,553,58,107,22,22.087,3,3,,,,,,,,,,,
95.5,818,597,80,126,15,40.817,2,4,,,,,,,,,,,
87.9,713,508,62,120,23,272.847,2,3,,,,,,,,,,,
100.4,777,606,53,96,22,299.257,4,4,,,,,,,,,,,
93.2,732,542,75,97,18,195.817,2,3,,,,,,,,,,,
77.43,681,495,57,114,15,271.937,4,5,,,,,,,,,,,
89.2,981,725,79,155,22,298.347,3,2,,,,,,,,,,,
83,558,388,58,97,15,194.907,2,2,,,,,,,,,,,
87.54,582,407,80,84,11,320.907,2,5,,,,,,,,,,,
90.8,782,622,62,85,13,15.207,3,2,,,,,,,,,,,
84.9,716,537,53,116,10,11.157,5,3,,,,,,,,,,,
93.4,566,425,67,62,12,14.427,3,5,,,,,,,,,,,
81,552,400,70,71,11,20.967,4,2,,,,,,,,,,,
95.2,720,559,80,67,14,17.177,3,2,,,,,,,,,,,
89.2,780,603,67,98,12,298.093,3,3,,,,,,,,,,,
77.433,697,514,61,107,15,194.653,4,5,,,,,,,,,,,
95.4,847,612,92,126,17,196.337,1,4,,,,,,,,,,,
83.5,749,557,45,125,22,322.337,2,5,,,,,,,,,,,
94,785,588,49,129,19,16.637,2,4,,,,,,,,,,,
93,786,614,65,89,18,12.587,3,3,,,,,,,,,,,
77.619,718,529,74,102,13,15.857,4,5,,,,,,,,,,,
86,609,417,56,115,21,22.397,3,2,,,,,,,,,,,
82.05,617,392,78,126,21,18.607,5,4,,,,,,,,,,,
81,887,719,57,93,18,299.523,4,2,,,,,,,,,,,
83.87,577,382,79,104,12,196.083,1,4,,,,,,,,,,,
77.21,594,401,61,111,21,322.083,2,3,,,,,,,,,,,
88.87,837,616,52,162,7,16.383,2,4,,,,,,,,,,,
85.2,709,531,74,92,12,320.413,4,2,,,,,,,,,,,
93,577,419,56,91,11,14.713,5,3,,,,,,,,,,,
81,572,394,78,85,15,10.663,2,2,,,,,,,,,,,
74.24,753,553,57,121,22,13.933,2,5,,,,,,,,,,,
83.87,765,597,79,65,24,20.473,2,2,,,,,,,,,,,
81.5,660,508,61,74,17,16.683,3,3,,,,,,,,,,,
93,745,606,52,70,17,297.599,4,3,,,,,,,,,,,
94,722,542,66,91,23,194.159,1,4,,,,,,,,,,,
74.24,690,495,69,100,26,39.667,2,5,,,,,,,,,,,
81,935,725,79,112,19,15.657,2,4,,,,,,,,,,,
86.3,592,388,66,120,18,18.627,2,3,,,,,,,,,,,
92,605,407,60,118,20,56.947,4,2,,,,,,,,,,,
91.2,822,622,91,95,14,18.427,3,4,,,,,,,,,,,
80.7,690,537,44,99,10,55.937,2,3,,,,,,,,,,,
85.2,605,425,48,122,10,52.177,2,4,,,,,,,,,,,
80.76,601,400,64,123,14,15.747,3,3,,,,,,,,,,,
91.5,740,559,73,100,8,22.687,4,5,,,,,,,,,,,
85.2,767,603,55,99,10,41.417,3,3,,,,,,,,,,,
73.1,719,514,77,118,10,273.447,3,3,,,,,,,,,,,
89.5,856,612,66,162,16,197.684,2,4,,,,,,,,,,,
86,756,557,60,127,12,39.534,2,3,,,,,,,,,,,
95.6,830,588,91,138,13,15.524,4,4,,,,,,,,,,,
82.05,785,614,44,108,19,18.494,2,3,,,,,,,,,,,
73.1,706,529,48,112,17,56.814,4,5,,,,,,,,,,,
90.1,626,417,64,128,17,18.294,3,2,,,,,,,,,,,
82.8,610,392,73,132,13,55.804,2,2,,,,,,,,,,,
91.3,700,533,55,92,20,52.044,2,5,,,,,,,,,,,
88.9,626,421,77,105,23,15.614,3,2,,,,,,,,,,,
78.18,580,396,56,109,19,22.554,5,3,,,,,,,,,,,
91.3,808,555,78,160,15,41.284,1,5,,,,,,,,,,,
82.05,777,599,60,95,23,273.314,2,5,,,,,,,,,,,
85.2,658,510,51,89,8,299.724,3,4,,,,,,,,,,,
88.9,782,608,73,80,21,196.284,4,2,,,,,,,,,,,
78.76,747,544,55,126,22,272.404,3,1,,,,,,,,,,,
88.9,656,497,77,55,27,298.814,2,4,,,,,,,,,,,
82.4,876,727,56,73,20,195.374,4,2,,,,,,,,,,,
96.7,560,390,78,72,20,321.374,2,5,,,,,,,,,,,
92.1,583,409,60,93,21,15.674,3,5,,,,,,,,,,,
79,809,624,51,109,25,11.624,4,3,,,,,,,,,,,
89.38,751,539,65,131,16,14.894,3,5,,,,,,,,,,,
80.76,645,427,68,130,20,21.434,2,5,,,,,,,,,,,
90.6,637,402,78,131,26,17.644,2,2,,,,,,,,,,,
87.6,742,561,65,101,15,298.56,2,3,,,,,,,,,,,
79,779,605,59,98,17,195.12,5,3,,,,,,,,,,,
89,746,516,90,123,17,196.804,3,5,,,,,,,,,,,
84.2,794,614,43,121,16,322.804,2,4,,,,,,,,,,,
100.4,719,559,47,98,15,17.104,2,5,,,,,,,,,,,
86.6,772,590,63,102,17,13.054,3,5,,,,,,,,,,,
80.59,823,616,72,116,19,16.324,4,2,,,,,,,,,,,
97,778,531,76,157,14,22.864,2,1,,,,,,,,,,,
85.2,596,419,58,102,17,19.074,3,3,,,,,,,,,,,
97.86,574,394,80,84,16,299.99,2,5,,,,,,,,,,,
89.2,891,721,59,87,24,196.55,3,1,,,,,,,,,,,
80.6,614,384,81,126,23,322.55,3,3,,,,,,,,,,,
88.38,544,403,63,60,18,16.85,2,4,,,,,,,,,,,
81.5,767,618,54,76,19,320.88,2,5,,,,,,,,,,,
82.3,705,533,76,75,21,15.18,4,4,,,,,,,,,,,
87.4,599,421,58,96,24,11.13,3,2,,,,,,,,,,,
80.2,596,396,80,102,18,14.4,3,4,,,,,,,,,,,
95.5,754,555,59,124,16,20.94,2,5,,,,,,,,,,,
82.4,822,599,81,116,26,17.15,3,2,,,,,,,,,,,
94.5,712,510,63,126,13,298.066,3,3,,,,,,,,,,,
90.56,766,608,54,90,14,194.626,2,5,,,,,,,,,,,
77.8,726,544,68,104,10,40.134,2,4,,,,,,,,,,,
95.5,708,497,71,120,20,16.124,4,2,,,,,,,,,,,
87.9,958,727,81,128,22,19.094,3,5,,,,,,,,,,,
94.5,579,390,68,95,26,57.414,2,5,,,,,,,,,,,
93.2,602,409,62,109,22,18.894,2,5,,,,,,,,,,,
80.1,849,624,93,111,21,56.404,2,5,,,,,,,,,,,
91.2,773,539,46,164,24,52.644,4,4,,,,,,,,,,,
80.59,636,427,50,132,27,16.214,3,3,,,,,,,,,,,
94.28,618,402,66,133,17,23.154,5,5,,,,,,,,,,,
87.54,765,561,75,110,19,41.884,3,1,,,,,,,,,,,
82.4,802,605,57,117,23,273.914,2,3,,,,,,,,,,,
99.45,744,516,79,133,16,198.151,2,4,,,,,,,,,,,
87.9,819,614,58,134,13,40.001,2,4,,,,,,,,,,,
93.2,758,559,80,104,15,15.991,3,1,,,,,,,,,,,
88.38,765,590,62,101,12,18.961,2,5,,,,,,,,,,,
76.4,797,616,53,117,11,57.281,2,2,,,,,,,,,,,
84.9,769,531,75,155,8,18.761,3,4,,,,,,,,,,,
81.2,591,419,57,100,15,56.271,2,4,,,,,,,,,,,
97,580,394,79,87,20,52.511,3,1,,,,,,,,,,,
89.2,690,535,58,85,12,16.081,2,4,,,,,,,,,,,
79.7,643,423,80,121,19,23.021,4,2,,,,,,,,,,,
88.7,548,398,62,65,23,41.751,2,5,,,,,,,,,,,
85.36,699,557,53,66,23,273.781,3,5,,,,,,,,,,,
90.2,762,601,67,74,20,300.191,4,3,,,,,,,,,,,
90.2,699,512,70,98,19,196.751,3,5,,,,,,,,,,,
79.0314,819,610,80,104,25,272.871,2,5,,,,,,,,,,,
81,771,546,67,133,25,299.281,2,2,,,,,,,,,,,
86.7,716,499,61,135,21,195.841,2,3,,,,,,,,,,,
99.4,971,729,92,136,14,321.841,4,5,,,,,,,,,,,
89.2,565,392,45,103,25,16.141,3,4,,,,,,,,,,,
78.9,582,411,49,110,12,38.82,3,2,,,,,,,,,,,
85.2,831,626,65,119,21,14.81,2,4,,,,,,,,,,,
80.76,772,541,74,129,28,17.78,2,3,,,,,,,,,,,
91.5,605,429,56,93,27,56.1,4,5,,,,,,,,,,,
85.2,612,404,78,107,23,17.58,2,5,,,,,,,,,,,
81.3,764,563,67,114,20,55.09,3,2,,,,,,,,,,,
96,855,607,61,162,25,51.33,3,3,,,,,,,,,,,
88,737,518,92,97,30,14.9,2,4,,,,,,,,,,,
101,777,616,45,94,22,21.84,4,2,,,,,,,,,,,
94,712,561,49,80,22,40.57,3,5,,,,,,,,,,,
74,810,592,65,128,25,272.6,2,5,,,,,,,,,,,
89.5,778,618,74,65,21,299.01,2,5,,,,,,,,,,,
84.2,678,533,56,71,18,195.57,2,5,,,,,,,,,,,
100.4,596,421,78,77,20,321.57,4,4,,,,,,,,,,,
90.1,576,396,57,101,22,15.87,3,3,,,,,,,,,,,
87.67,929,723,79,107,20,11.82,5,5,,,,,,,,,,,
93.43,592,386,61,126,19,15.09,3,1,,,,,,,,,,,
90.2,606,405,52,128,21,21.63,2,3,,,,,,,,,,,
97.86,829,620,74,122,13,17.84,2,4,,,,,,,,,,,
95.8,708,535,56,98,19,298.756,2,4,,,,,,,,,,,
79,620,423,78,99,20,195.316,3,1,,,,,,,,,,,
97.43,606,398,57,125,26,321.316,2,5,,,,,,,,,,,
83.1,788,557,79,126,26,15.616,2,2,,,,,,,,,,,
82.3,785,601,61,100,23,11.566,3,4,,,,,,,,,,,
92.34,716,543,52,104,17,14.836,2,4,,,,,,,,,,,
69.1,732,508,66,135,23,20.98,2,4,,,,,,,,,,,
69.5,822,606,59,130,27,45.87,4,2,,,,,,,,,,,
70.1,765,551,73,114,27,133.5,3,5,,,,,,,,,,,
98.65,792,582,76,122,12,12.58,2,5,,,,,,,,,,,
91.45,769,556,66,129,18,7.35,2,5,,,,,,,,,,,
71.9,851,600,88,144,19,636,2,5,,,,,,,,,,,
70.3,724,511,70,122,21,16.95,4,4,,,,,,,,,,,
84.55,824,609,61,134,20,180.35,3,3,,,,,,,,,,,
94.95,792,554,75,143,20,262.69,5,5,,,,,,,,,,,
87.1,820,585,78,134,23,72.25,3,1,,,,,,,,,,,
71.2,851,612,68,147,24,12.25,2,3,,,,,,,,,,,
69,719,586,47,72,14,976.84,2,4,,,,,,,,,,,
76.05,761,612,63,68,18,190.12,2,4,,,,,,,,,,,
82.4,707,527,72,99,9,195.5,3,1,,,,,,,,,,,
78.1,576,415,54,100,7,71.5,2,5,,,,,,,,,,,
67.8,604,390,76,131,7,355.5,2,2,,,,,,,,,,,
70.3,930,717,65,133,15,671.78,3,4,,,,,,,,,,,
80.3,589,380,59,134,16,998.86,2,4,,,,,,,,,,,
93.45,610,399,90,101,20,525.33,3,1,,,,,,,,,,,
83.45,776,614,43,108,11,21.23,3,5,,,,,,,,,,,
69.3,704,529,47,117,11,46.12,4,3,,,,,,,,,,,
69.3,624,417,63,127,17,133.75,1,5,,,,,,,,,,,
91.68,785,516,88,162,19,12.83,2,4,,,,,,,,,,,
84.55,806,614,70,101,21,7.6,2,3,,,,,,,,,,,
87.1,808,607,61,118,22,636.25,2,4,,,,,,,,,,,
69.3,778,552,65,139,22,17.2,4,2,,,,,,,,,,,
72.2,829,583,68,162,16,180.6,3,5,,,,,,,,,,,
75.4,813,610,58,116,29,262.94,2,4,,,,,,,,,,,
91.25,814,555,80,151,28,72.5,2,5,,,,,,,,,,,
90.7,785,586,62,108,29,12.5,3,5,,,,,,,,,,,
68.3,752,560,53,116,23,977.09,2,4,,,,,,,,,,,
72.6,821,604,67,122,28,190.37,3,3,,,,,,,,,,,
70.5,816,596,70,131,19,635.46,4,5,,,,,,,,,,,
81.4,783,591,60,106,26,16.41,3,3,,,,,,,,,,,
82.1,792,565,82,114,31,179.81,3,3,,,,,,,,,,,
67.9,818,609,64,121,24,262.15,2,4,,,,,,,,,,,
69.9,737,520,58,133,26,71.71,2,3,,,,,,,,,,,
70.1,835,618,72,115,30,11.71,4,4,,,,,,,,,,,
80.3,826,563,75,152,36,976.3,2,3,,,,,,,,,,,
92.7,794,594,65,103,32,189.58,4,5,,,,,,,,,,,
70.4,851,604,87,123,37,194.96,3,2,,,,,,,,,,,
72.4,756,525,69,138,24,70.96,2,2,,,,,,,,,,,
75,843,623,60,129,31,354.96,2,5,,,,,,,,,,,
86.1,799,568,74,135,22,977.3,3,3,,,,,,,,,,,
90.3,749,507,87,134,21,190.58,4,3,,,,,,,,,,,
66,839,605,69,144,21,635.67,1,4,,,,,,,,,,,
66.8,748,550,60,119,19,16.62,2,5,,,,,,,,,,,
79,796,581,74,127,14,180.02,2,4,,,,,,,,,,,
90.1,782,555,77,131,19,262.36,2,3,,,,,,,,,,,
85.1,834,599,67,147,21,71.92,4,2,,,,,,,,,,,
65.6,696,510,46,122,18,11.92,3,5,,,,,,,,,,,
70.1,820,608,62,130,20,976.51,2,4,,,,,,,,,,,
82.4,795,553,71,153,18,189.79,2,2,,,,,,,,,,,
85.1,786,584,53,137,12,195.17,3,5,,,,,,,,,,,
86.3,847,611,75,138,23,71.17,4,5,,,,,,,,,,,
71.2,749,585,64,79,21,355.17,3,5,,,,,,,,,,,
69.6,815,611,58,128,18,22.08,3,4,,,,,,,,,,,
74.5,790,526,89,158,17,46.97,4,5,,,,,,,,,,,
82.4,591,414,42,111,24,134.6,3,4,,,,,,,,,,,
81.5,579,389,46,115,29,13.68,5,3,,,,,,,,,,,
63.7,765,555,62,122,26,8.45,1,1,,,,,,,,,,,
76.9,860,586,87,154,33,637.1,2,5,,,,,,,,,,,
87.67,802,613,69,97,23,18.05,2,1,,,,,,,,,,,
92.7,819,587,60,147,25,181.45,5,4,,,,,,,,,,,
87.9,809,613,64,114,18,263.79,4,4,,,,,,,,,,,
64.6,723,528,67,107,21,73.35,3,5,,,,,,,,,,,
77.4,615,416,57,127,15,13.35,2,5,,,,,,,,,,,
77,637,391,79,147,20,977.94,2,4,,,,,,,,,,,
85,904,718,61,112,13,191.22,5,3,,,,,,,,,,,
92.34,572,381,52,120,19,196.6,2,5,,,,,,,,,,,
67.3,606,400,66,117,23,72.6,3,5,,,,,,,,,,,
70.3,838,615,69,135,19,356.6,4,5,,,,,,,,,,,
75,730,530,59,116,25,635.8,3,4,,,,,,,,,,,
80.76,668,418,81,154,15,16.75,3,3,,,,,,,,,,,
82.1,719,517,63,107,32,180.15,4,3,,,,,,,,,,,
68.32,833,615,57,124,37,262.49,1,4,,,,,,,,,,,
74.6,842,608,71,139,24,72.05,2,2,,,,,,,,,,,
82.1,791,553,74,133,31,12.05,2,4,,,,,,,,,,,
85.6,817,598,64,135,20,976.64,4,5,,,,,,,,,,,
84,749,509,86,136,18,189.92,1,1,,,,,,,,,,,
67.2,838,607,68,140,23,635.01,2,5,,,,,,,,,,,
72.3,739,552,59,112,16,15.96,5,4,,,,,,,,,,,
80.7,803,583,73,128,19,179.36,2,4,,,,,,,,,,,
83.1,843,610,86,125,22,261.7,4,2,,,,,,,,,,,
88.7,816,584,68,136,28,71.26,2,5,,,,,,,,,,,
66.2,821,610,59,123,29,11.26,3,5,,,,,,,,,,,
70.3,746,525,73,125,23,975.85,4,3,,,,,,,,,,,
71.9,665,413,76,148,28,46.46,3,5,,,,,,,,,,,
78.4,614,388,66,141,19,134.09,2,5,,,,,,,,,,,
79.7,928,715,45,142,26,13.17,2,2,,,,,,,,,,,
68.4,543,378,61,73,31,7.94,2,3,,,,,,,,,,,
73.5,617,397,70,130,20,636.59,4,5,,,,,,,,,,,
72.4,824,612,52,141,19,17.54,3,4,,,,,,,,,,,
84.5,716,527,74,100,15,180.94,3,2,,,,,,,,,,,
70.5,628,415,63,121,29,263.28,2,4,,,,,,,,,,,
60.5,789,589,57,117,26,72.84,2,3,,,,,,,,,,,
72.9,808,563,60,159,26,12.84,4,5,,,,,,,,,,,
75,843,607,91,123,22,977.43,2,5,,,,,,,,,,,
78.9,754,518,44,158,34,190.71,3,2,,,,,,,,,,,
77,820,616,48,129,27,635.8,3,3,,,,,,,,,,,
66.4,794,561,64,134,35,16.75,3,5,,,,,,,,,,,
74.3,830,592,89,118,31,180.15,4,3,,,,,,,,,,,
72.1,825,602,71,128,24,262.49,1,5,,,,,,,,,,,
73.5,750,523,62,141,24,72.05,2,4,,,,,,,,,,,
70.2,840,621,66,136,17,12.05,2,3,,,,,,,,,,,
60.3,775,566,69,120,20,976.64,2,4,,,,,,,,,,,
77.1,716,505,59,138,14,189.92,4,2,,,,,,,,,,,
67.3,846,603,81,135,27,195.3,3,5,,,,,,,,,,,
72.1,792,548,63,150,31,71.3,2,4,,,,,,,,,,,
69.8,775,579,54,121,21,355.3,2,5,,,,,,,,,,,
79.35,767,553,70,111,33,977.64,3,5,,,,,,,,,,,
67,811,597,73,119,22,190.92,2,4,,,,,,,,,,,
89.2,728,508,63,125,32,636.01,3,3,,,,,,,,,,,
80.95,885,606,85,157,37,16.96,4,5,,,,,,,,,,,
78.2,764,551,67,116,30,180.36,3,3,,,,,,,,,,,
74.2,649,393,58,167,31,262.7,3,3,,,,,,,,,,,
88.4,941,720,72,128,21,72.26,2,4,,,,,,,,,,,
69.8,637,383,85,143,26,12.26,2,3,,,,,,,,,,,
74.2,627,402,67,127,31,976.85,4,4,,,,,,,,,,,
82.1,828,617,58,135,18,190.13,2,3,,,,,,,,,,,
66.9,766,532,72,135,27,195.51,5,5,,,,,,,,,,,
74.7,664,420,75,140,29,71.51,2,5,,,,,,,,,,,
84.1,717,519,65,114,19,355.51,2,4,,,,,,,,,,,
70.4,821,617,44,127,33,22.42,2,4,,,,,,,,,,,
76.4,842,610,60,134,38,47.31,4,5,,,,,,,,,,,
67.1,792,555,69,141,27,134.94,3,5,,,,,,,,,,,
86.1,826,600,51,143,32,14.02,2,5,,,,,,,,,,,
76.5,686,511,73,79,23,8.79,2,5,,,,,,,,,,,
86.05,832,609,62,131,30,637.44,3,4,,,,,,,,,,,
88.55,826,554,87,150,35,18.39,2,3,,,,,,,,,,,
68.1,788,585,69,112,22,181.79,2,3,,,,,,,,,,,
85.3,806,612,60,110,24,264.13,2,5,,,,,,,,,,,
70.3,799,586,64,117,32,73.69,2,5,,,,,,,,,,,
72,873,612,67,156,38,13.69,4,5,,,,,,,,,,,
72.1,716,527,57,101,31,978.28,3,4,,,,,,,,,,,
67.4,691,415,79,159,38,191.56,2,3,,,,,,,,,,,
86.4,597,390,61,115,31,196.94,2,4,,,,,,,,,,,
96.15,939,717,52,139,31,72.94,3,3,,,,,,,,,,,
89.05,836,607,68,143,18,356.94,4,5,,,,,,,,,,,
69.1,765,522,71,138,34,636.14,3,3,,,,,,,,,,,
69.1,633,410,61,138,24,17.09,3,3,,,,,,,,,,,
77.9,632,385,83,138,26,180.49,2,4,,,,,,,,,,,
68.3,943,712,65,142,24,262.83,2,3,,,,,,,,,,,
74.6,564,375,56,117,16,72.39,4,4,,,,,,,,,,,
72,612,394,70,120,28,12.39,2,3,,,,,,,,,,,
68.7,835,609,83,126,17,976.98,4,5,,,,,,,,,,,
68.1,749,524,65,146,14,190.26,3,2,,,,,,,,,,,
70.3,626,412,56,133,25,635.35,2,2,,,,,,,,,,,
62.1,782,586,70,110,16,16.3,2,5,,,,,,,,,,,
68.9,780,560,73,118,29,179.7,3,2,,,,,,,,,,,
68.3,812,604,63,119,26,262.04,5,3,,,,,,,,,,,
70.8,740,515,42,155,28,71.6,1,5,,,,,,,,,,,
80.6,821,613,73,109,26,11.6,2,5,,,,,,,,,,,
68.7,808,558,86,149,15,976.19,3,4,,,,,,,,,,,
72.9,810,589,68,119,34,46.8,4,2,,,,,,,,,,,
67.5,827,599,59,139,30,134.43,3,1,,,,,,,,,,,
80.6,748,520,73,133,22,13.51,2,4,,,,,,,,,,,
72.3,858,618,76,138,26,8.28,4,2,,,,,,,,,,,
70.3,628,400,66,135,27,636.93,2,5,,,,,,,,,,,
62.1,838,615,45,146,32,17.88,3,5,,,,,,,,,,,
67.4,735,530,61,115,29,181.28,4,3,,,,,,,,,,,
69.9,644,418,70,120,36,263.62,3,5,,,,,,,,,,,
66.1,809,592,52,139,26,71.91,2,5,,,,,,,,,,,
70.1,804,566,74,136,28,11.91,2,2,,,,,,,,,,,
66.8,805,610,63,111,21,976.5,2,3,,,,,,,,,,,
66.8,755,521,88,109,37,189.78,5,3,,,,,,,,,,,
79.2,836,619,70,123,24,634.87,3,5,,,,,,,,,,,
67.6,805,564,61,156,24,15.82,2,4,,,,,,,,,,,
70.3,783,595,65,105,18,179.22,2,5,,,,,,,,,,,
68,841,605,68,149,19,261.56,3,5,,,,,,,,,,,
66.9,733,526,58,125,24,71.12,2,4,,,,,,,,,,,
72.2,855,624,80,140,11,11.12,3,4,,,,,,,,,,,
82.3,947,606,165,162,14,11.64,2,5,,,,,,,,,,,
80.2,844,517,184,118,25,13.58,2,2,,,,,,,,,,,
84.2,917,615,156,125,21,25.43,2,3,,,,,,,,,,,
89.2,864,560,140,139,25,60.36,4,5,,,,,,,,,,,
92.5,882,591,129,143,19,6.89,3,4,,,,,,,,,,,
82.3,875,589,127,138,21,10,3,2,,,,,,,,,,,
90.2,876,563,166,122,25,11.66,4,2,,,,,,,,,,,
89.3,941,607,185,120,29,6.74,2,1,,,,,,,,,,,
91.6,816,518,157,116,25,23.83,3,3,,,,,,,,,,,
95.3,942,616,141,158,27,37.28,2,5,,,,,,,,,,,
80.3,839,561,130,127,21,10.25,3,1,,,,,,,,,,,
83.1,882,592,128,144,18,5,3,3,,,,,,,,,,,
77.8,936,602,167,138,29,14.05,2,4,,,,,,,,,,,
88.38,861,513,186,133,29,45.85,2,5,,,,,,,,,,,
80.18,904,611,158,107,28,34.71,4,4,,,,,,,,,,,
80.3,840,556,142,115,27,9.95,3,2,,,,,,,,,,,
90.1,919,587,183,121,28,64.64,3,4,,,,,,,,,,,
88.6,944,608,155,153,28,67.16,2,5,,,,,,,,,,,
95,826,553,139,107,27,64.86,3,2,,,,,,,,,,,
92.3,667,407,128,115,17,72.64,3,3,,,,,,,,,,,
77.43,933,622,126,174,11,13.9,2,5,,,,,,,,,,,
82.8,827,537,165,109,16,13.04,2,4,,,,,,,,,,,
82.05,719,425,184,96,14,14.98,4,2,,,,,,,,,,,
85.2,659,400,156,90,13,26.83,3,5,,,,,,,,,,,
87.4,829,559,140,119,11,61.76,2,5,,,,,,,,,,,
77.21,806,603,129,62,12,8.29,2,5,,,,,,,,,,,
81.5,728,514,127,65,22,11.4,2,5,,,,,,,,,,,
80.76,874,612,166,71,25,13.06,4,4,,,,,,,,,,,
87.54,847,557,185,87,18,8.14,3,3,,,,,,,,,,,
85.1,866,588,158,105,15,25.23,5,5,,,,,,,,,,,
80.17,904,614,142,124,24,38.68,3,1,,,,,,,,,,,
83.87,748,529,131,68,20,11.65,2,3,,,,,,,,,,,
80.76,632,417,129,69,17,6.4,2,4,,,,,,,,,,,
88.87,656,392,168,77,19,12.4,2,4,,,,,,,,,,,
82.3,861,551,187,100,23,14.06,3,1,,,,,,,,,,,
81.3,891,595,159,120,17,9.14,2,5,,,,,,,,,,,
93.6,768,506,143,106,13,26.23,2,2,,,,,,,,,,,
88.7,912,603,132,152,25,39.68,3,4,,,,,,,,,,,
95.6,780,514,130,115,21,12.65,2,4,,,,,,,,,,,
90.3,944,612,169,137,26,7.4,3,1,,,,,,,,,,,
78.59,906,557,188,142,19,16.45,2,4,,,,,,,,,,,
97.45,901,588,160,136,17,48.25,4,2,,,,,,,,,,,
87.6,885,586,143,131,25,37.11,2,5,,,,,,,,,,,
95.86,832,560,132,115,25,12.35,3,5,,,,,,,,,,,
88.56,872,604,130,113,25,67.04,4,3,,,,,,,,,,,
78.59,828,515,169,119,25,72.05,3,5,,,,,,,,,,,
78.2,976,613,188,151,24,13.31,2,5,,,,,,,,,,,
75.8,852,558,160,110,24,12.45,2,2,,,,,,,,,,,
85.54,880,589,144,125,22,14.39,2,3,,,,,,,,,,,
78.18,880,599,133,133,15,26.24,4,5,,,,,,,,,,,
79.2,791,510,131,134,16,61.17,3,4,,,,,,,,,,,
81,891,608,170,101,12,7.7,3,2,,,,,,,,,,,
77.5481,860,553,189,108,10,10.81,2,4,,,,,,,,,,,
85,864,584,161,108,11,12.47,2,3,,,,,,,,,,,
78.18,906,605,145,146,10,7.55,4,5,,,,,,,,,,,
76.51,845,550,186,93,16,24.64,2,5,,,,,,,,,,,
81.1,670,404,131,119,16,38.09,3,2,,,,,,,,,,,
83.46,918,619,129,155,15,11.06,3,3,,,,,,,,,,,
95.86,820,534,168,102,16,5.81,2,4,,,,,,,,,,,
92,713,422,187,89,15,12.63,4,2,,,,,,,,,,,
88.56,664,397,159,90,18,7.71,3,5,,,,,,,,,,,
81.87,839,556,143,121,19,24.8,2,5,,,,,,,,,,,
75.8,817,600,132,67,18,38.25,2,5,,,,,,,,,,,
77,726,511,130,75,10,11.22,2,5,,,,,,,,,,,
98.4,889,609,169,85,26,5.97,4,4,,,,,,,,,,,
75.21,855,554,188,100,13,15.02,3,3,,,,,,,,,,,
83.403,861,585,160,102,14,46.82,5,5,,,,,,,,,,,
83.46,909,611,144,134,20,35.68,3,1,,,,,,,,,,,
83.58,808,526,185,82,15,10.92,2,3,,,,,,,,,,,
86,676,414,157,82,23,65.61,2,4,,,,,,,,,,,
78.59,631,389,141,82,19,68.13,2,4,,,,,,,,,,,
92.3,790,548,130,97,15,65.83,3,1,,,,,,,,,,,
83.46,862,592,137,110,23,73.61,2,5,,,,,,,,,,,
86.87,763,503,126,106,28,14.87,2,2,,,,,,,,,,,
91.2,899,600,124,155,20,14.01,3,4,,,,,,,,,,,
78.76,805,511,163,108,23,16.45,2,4,,,,,,,,,,,
85.54,936,609,182,120,25,48.25,3,1,,,,,,,,,,,
83.1,855,554,154,123,24,37.11,3,5,,,,,,,,,,,
87.5,877,585,138,131,23,12.35,4,3,,,,,,,,,,,
92,866,583,127,132,24,67.04,1,5,,,,,,,,,,,
85.3,812,557,125,109,21,69.56,2,4,,,,,,,,,,,
87.5,909,601,164,134,10,67.26,2,3,,,,,,,,,,,
87.2,831,512,183,127,9,71,2,4,,,,,,,,,,,
91.2,912,610,155,133,14,16.3,4,2,,,,,,,,,,,
99.2,802,555,139,96,12,15.44,3,5,,,,,,,,,,,
87.2,879,586,167,113,13,17.38,2,4,,,,,,,,,,,
94.3,928,596,186,134,12,29.23,2,5,,,,,,,,,,,
90.1,840,507,158,157,18,64.16,3,5,,,,,,,,,,,
93.8,878,605,142,111,20,10.69,2,4,,,,,,,,,,,
95.8,827,550,131,121,25,10.62,3,3,,,,,,,,,,,
81.2,897,581,129,169,18,12.28,4,5,,,,,,,,,,,
86.4,894,602,168,108,16,7.36,2,4,,,,,,,,,,,
83.7,848,547,187,94,20,24.45,4,2,,,,,,,,,,,
97.43,669,401,159,88,21,37.9,3,5,,,,,,,,,,,
84.81,885,596,143,128,18,10.87,2,4,,,,,,,,,,,
85.6,760,507,184,54,15,5.62,2,5,,,,,,,,,,,
92.7,834,604,129,78,23,11.62,3,5,,,,,,,,,,,
90.3,727,515,127,74,11,13.28,2,4,,,,,,,,,,,
98.2,887,613,166,95,13,8.36,3,3,,,,,,,,,,,
95.1,869,558,186,104,21,25.45,4,5,,,,,,,,,,,
79.2,904,589,158,134,23,38.9,3,3,,,,,,,,,,,
88.6,811,587,142,62,20,11.87,3,3,,,,,,,,,,,
89.23,820,561,183,64,12,6.62,2,4,,,,,,,,,,,
89.5,820,605,128,73,14,15.67,2,3,,,,,,,,,,,
88.9,770,516,126,108,20,47.47,4,4,,,,,,,,,,,
78.6,910,614,165,108,23,36.33,2,3,,,,,,,,,,,
87.18,869,559,184,104,22,11.57,4,5,,,,,,,,,,,
84.21,916,590,156,148,22,66.26,3,2,,,,,,,,,,,
89.4,867,600,140,105,22,71.27,2,2,,,,,,,,,,,
88,778,511,129,117,21,12.53,2,5,,,,,,,,,,,
84.21,886,609,131,127,19,11.67,3,2,,,,,,,,,,,
87.18,833,554,138,120,21,13.61,5,3,,,,,,,,,,,
84.21,855,585,127,125,18,25.46,3,5,,,,,,,,,,,
89.1,849,606,125,94,24,60.39,4,2,,,,,,,,,,,
86.7,844,551,164,108,21,6.92,3,2,,,,,,,,,,,
83.4,710,405,183,100,22,10.03,3,3,,,,,,,,,,,
94.5,943,620,155,150,18,11.69,4,5,,,,,,,,,,,
91.6,796,535,139,103,19,6.77,1,4,,,,,,,,,,,
97.1,689,423,128,114,24,23.86,2,5,,,,,,,,,,,
95.6,680,398,126,130,26,37.31,2,4,,,,,,,,,,,
82.39,860,557,165,116,22,10.28,3,3,,,,,,,,,,,
99,857,516,184,130,27,5.03,4,5,,,,,,,,,,,
94.7,911,614,156,121,20,11.85,3,2,,,,,,,,,,,
96.7,900,559,182,137,22,6.93,5,4,,,,,,,,,,,
91,901,590,154,131,26,24.02,4,2,,,,,,,,,,,
82.39,888,600,138,126,24,37.47,1,4,,,,,,,,,,,
85.5,803,511,166,100,26,10.44,2,3,,,,,,,,,,,
81.7,926,609,185,108,24,5.19,2,4,,,,,,,,,,,
87.4,849,554,157,114,24,16.64,4,2,,,,,,,,,,,
82.81,894,585,141,146,22,48.44,5,3,,,,,,,,,,,
81.1,855,606,130,100,19,37.3,2,2,,,,,,,,,,,
84.7,802,551,128,108,15,12.54,2,5,,,,,,,,,,,
81.47,752,405,167,167,13,67.23,2,2,,,,,,,,,,,
79.37,920,620,186,102,12,72.24,3,3,,,,,,,,,,,
82.81,851,535,158,146,12,13.5,4,3,,,,,,,,,,,
79.37,677,423,142,99,13,12.64,1,4,,,,,,,,,,,
84.4,716,398,183,126,9,14.58,2,5,,,,,,,,,,,
82.21,874,557,141,161,15,26.43,2,4,,,,,,,,,,,
97,885,601,169,92,23,61.36,2,3,,,,,,,,,,,
97,814,512,188,92,22,7.89,4,2,,,,,,,,,,,
91.7,888,610,160,97,21,11,3,5,,,,,,,,,,,
85.18,842,555,144,127,16,12.66,2,4,,,,,,,,,,,
81.7,807,586,133,65,23,7.74,2,2,,,,,,,,,,,
85.2,831,612,131,65,23,24.83,3,5,,,,,,,,,,,
97.1,786,527,170,68,21,38.28,4,5,,,,,,,,,,,
77,714,415,189,93,17,11.25,3,5,,,,,,,,,,,
85.18,673,390,161,98,24,6,3,4,,,,,,,,,,,
82.21,827,549,145,120,13,12.82,4,5,,,,,,,,,,,
90.29,848,593,186,58,11,7.9,3,4,,,,,,,,,,,
86.59,726,504,131,68,23,24.99,5,3,,,,,,,,,,,
82.39,820,601,129,70,20,38.44,1,1,,,,,,,,,,,
95.7,794,512,168,91,23,11.41,2,5,,,,,,,,,,,
82.21,911,610,188,97,16,6.16,2,1,,,,,,,,,,,
87.1,824,555,160,92,17,17.61,1,5,,,,,,,,,,,
92.1,899,586,144,145,24,49.41,2,5,,,,,,,,,,,
82.21,944,584,185,146,29,38.27,3,4,,,,,,,,,,,
87.4,807,558,130,97,22,13.51,4,2,,,,,,,,,,,
86,863,602,128,113,20,68.2,3,1,,,,,,,,,,,
91,840,513,167,138,22,73.21,2,4,,,,,,,,,,,
97,940,611,186,122,21,14.47,4,2,,,,,,,,,,,
88.82,859,556,158,127,18,13.61,2,5,,,,,,,,,,,
78.5,836,587,142,98,9,15.55,3,5,,,,,,,,,,,
88.03,840,597,131,99,13,27.4,4,3,,,,,,,,,,,
86.2,809,508,181,110,10,62.33,3,5,,,,,,,,,,,
77.2,909,606,153,138,12,8.86,2,5,,,,,,,,,,,
88.3,791,551,137,96,7,11.97,2,2,,,,,,,,,,,
80.3,839,582,126,123,8,13.63,2,3,,,,,,,,,,,
93.4,860,603,124,117,16,8.71,4,5,,,,,,,,,,,
86.2,849,548,163,124,14,25.8,3,4,,,,,,,,,,,
75.4,700,402,182,91,25,39.25,3,2,,,,,,,,,,,
79.66,863,597,154,95,17,12.22,2,4,,,,,,,,,,,
78.1,768,508,138,105,17,6.97,2,3,,,,,,,,,,,
80.4,947,605,179,145,18,13.79,4,5,,,,,,,,,,,
81.7,769,516,137,89,27,8.87,2,5,,,,,,,,,,,
80.3,905,614,165,108,18,25.96,3,2,,,,,,,,,,,
82.2,915,559,184,155,17,39.41,3,3,,,,,,,,,,,
81.1,872,590,156,104,22,12.38,3,5,,,,,,,,,,,
86.03,824,588,140,85,11,7.13,4,3,,,,,,,,,,,
82.59,835,562,129,130,14,18.58,1,5,,,,,,,,,,,
78.1,884,606,127,133,18,50.38,2,4,,,,,,,,,,,
91.88,842,517,166,141,18,39.24,2,3,,,,,,,,,,,
80.64,945,615,184,122,24,14.48,2,4,,,,,,,,,,,
90.7,837,560,156,105,16,69.17,4,2,,,,,,,,,,,
82.59,874,591,140,125,18,74.18,3,5,,,,,,,,,,,
76.5,922,601,129,168,24,15.44,2,4,,,,,,,,,,,
87.1,835,512,179,117,27,14.58,2,5,,,,,,,,,,,
79.46,924,610,151,144,19,16.52,3,5,,,,,,,,,,,
80.41,840,555,135,128,22,28.37,2,4,,,,,,,,,,,
81,870,586,124,136,24,63.3,3,3,,,,,,,,,,,
78.41,859,607,122,107,23,9.83,4,5,,,,,,,,,,,
86.82,845,552,161,110,22,12.94,3,3,,,,,,,,,,,
81.1,729,406,180,120,23,14.6,3,3,,,,,,,,,,,
77.2,946,621,152,153,20,9.68,2,4,,,,,,,,,,,
97,780,536,136,95,13,10.47,2,3,,,,,,,,,,,
80,743,424,177,129,13,65.16,4,4,,,,,,,,,,,
86.613,716,399,135,170,12,67.68,2,3,,,,,,,,,,,
79.46,839,558,163,105,13,65.38,4,5,,,,,,,,,,,
83.98,803,517,182,95,9,73.16,3,2,,,,,,,,,,,
86.59,858,615,154,79,10,14.42,2,2,,,,,,,,,,,
80.41,838,560,138,124,16,13.56,2,5,,,,,,,,,,,
94.2,792,591,127,55,19,16,3,2,,,,,,,,,,,
79.46,819,601,125,71,22,47.8,5,3,,,,,,,,,,,
86.03,753,512,164,62,15,36.66,1,5,,,,,,,,,,,
96.5,903,610,182,95,16,11.9,2,5,,,,,,,,,,,
80.03,829,555,154,101,19,66.59,3,4,,,,,,,,,,,
80.5,879,586,138,130,25,69.11,4,2,,,,,,,,,,,
84.2,808,607,127,59,15,66.81,3,1,,,,,,,,,,,
80.8,816,552,177,77,10,70.55,2,4,,,,,,,,,,,
92.1,651,406,149,75,21,15.85,4,2,,,,,,,,,,,
89.5,872,621,133,110,8,14.99,2,5,,,,,,,,,,,
77.1,777,536,122,110,9,16.93,3,5,,,,,,,,,,,
82.7,662,424,120,98,20,28.78,4,3,,,,,,,,,,,
88.3,736,399,159,161,17,63.71,3,5,,,,,,,,,,,
90.4,882,558,178,125,21,10.24,2,5,,,,,,,,,,,
89.6,892,602,150,127,13,10.17,2,2,,,,,,,,,,,
78.4,803,513,134,142,14,11.83,2,3,,,,,,,,,,,
89.1,933,611,175,126,21,6.91,5,3,,,,,,,,,,,
82.6,848,556,133,134,25,24,3,5,,,,,,,,,,,
90.8,884,587,161,115,21,37.45,4,2,,,,,,,,,,,
84.59,951,613,180,136,22,10.42,3,2,,,,,,,,,,,
76.3,828,528,152,129,19,5.17,3,3,,,,,,,,,,,
88.7,706,416,136,134,20,11.17,2,5,,,,,,,,,,,
80.3,626,391,125,93,17,12.83,2,4,,,,,,,,,,,
93.7,808,550,123,115,20,7.91,2,3,,,,,,,,,,,
89.7,893,594,162,122,15,25,3,5,,,,,,,,,,,
82.02,857,505,180,151,21,38.45,4,3,,,,,,,,,,,
85.35,879,602,152,104,21,11.42,1,5,,,,,,,,,,,
82.1,727,513,136,57,21,11.69,2,4,,,,,,,,,,,
86.2,830,611,125,72,22,11.62,2,5,,,,,,,,,,,
88.7,812,556,175,65,16,13.28,2,4,,,,,,,,,,,
83.4,849,587,147,96,19,8.36,2,3,,,,,,,,,,,
82.4,837,585,131,97,24,25.45,4,2,,,,,,,,,,,
84.6,826,559,120,128,19,38.9,3,5,,,,,,,,,,,
90,806,603,118,62,23,11.87,2,4,,,,,,,,,,,
97.1,745,514,139,78,14,6.62,2,2,,,,,,,,,,,
85,823,612,128,69,14,12.62,3,5,,,,,,,,,,,
92.3,809,557,126,102,24,14.28,4,5,,,,,,,,,,,
89.6,889,588,165,110,26,9.36,3,5,,,,,,,,,,,
92.5,919,598,183,116,22,26.45,3,4,,,,,,,,,,,
94.6,846,509,155,160,22,39.9,4,5,,,,,,,,,,,
80.1,820,607,83,106,24,12.87,3,4,,,,,,,,,,,
84.5,785,552,77,127,29,7.62,5,3,,,,,,,,,,,
80,819,583,67,152,17,16.67,1,1,,,,,,,,,,,
91.08,845,604,89,136,16,48.47,2,5,,,,,,,,,,,
82.18,771,549,71,141,10,10.01,2,1,,,,,,,,,,,
82.3,592,403,62,112,15,4.76,5,4,,,,,,,,,,,
91.3,802,598,76,115,13,16.21,4,4,,,,,,,,,,,
89.6,713,509,81,111,12,48.01,3,5,,,,,,,,,,,
96.7,841,606,63,160,12,36.87,2,5,,,,,,,,,,,
93.7,703,517,54,113,19,12.11,2,4,,,,,,,,,,,
76.9,783,615,68,79,21,66.8,5,3,,,,,,,,,,,
84.9,746,560,71,92,23,71.81,2,5,,,,,,,,,,,
83.15,805,591,81,116,17,13.07,3,5,,,,,,,,,,,
86.5,779,589,68,108,14,12.21,4,5,,,,,,,,,,,
87.2,804,563,62,158,21,14.15,3,4,,,,,,,,,,,
76.93,833,607,93,111,22,26,3,3,,,,,,,,,,,
83.53,704,518,46,122,18,60.93,4,3,,,,,,,,,,,
82.6,818,616,50,138,14,7.46,1,4,,,,,,,,,,,
83.7,2843,2209,258,353,23,12.85,1,5,,,,,,,,,,,
86.7,3288,2284,335,643,26,14.4,2,5,,,,,,,,,,,
80.28,2784,1940,280,544,20,37,3,4,,,,,,,,,,,
88.38,2402,1872,220,300,10,45.6,4,2,,,,,,,,,,,
87.7,2255,1573,246,417,19,40.2,3,1,,,,,,,,,,,
82.3,2100,1628,192,263,17,9.45,2,4,,,,,,,,,,,
72,2844,2207,259,354,24,13.71,4,2,,,,,,,,,,,
80.76,3289,2282,336,644,27,67.61,2,5,,,,,,,,,,,
87.54,2785,1938,281,545,21,5.7,3,5,,,,,,,,,,,
82.7,2403,1870,221,301,11,16.75,4,3,,,,,,,,,,,
84.9,2256,1571,247,418,20,65.4,3,5,,,,,,,,,,,
95.5,2101,1626,193,264,18,28.39,2,5,,,,,,,,,,,
88.7,2845,2205,260,355,25,12.6,2,2,,,,,,,,,,,
97.86,3290,2280,337,645,28,7.87,2,3,,,,,,,,,,,
96,2786,1936,282,546,22,107.72,4,5,,,,,,,,,,,
81.4,2416,1868,222,302,24,95.85,3,4,,,,,,,,,,,
82.4,2254,1569,248,419,18,142.95,3,2,,,,,,,,,,,
80.76,2091,1624,194,265,8,11.9,2,4,,,,,,,,,,,
85.1,3194,2203,333,641,17,6.35,2,3,,,,,,,,,,,
89.2,3113,2278,278,542,15,53.75,4,5,,,,,,,,,,,
82.3,2819,2281,218,298,22,5.98,2,5,,,,,,,,,,,
77.21,2621,1937,244,415,25,96.26,3,2,,,,,,,,,,,
79,2339,1869,190,261,19,103.68,3,3,,,,,,,,,,,
90.56,2188,1570,257,352,9,15.94,3,5,,,,,,,,,,,
82.3,2619,1625,334,642,18,38.54,4,3,,,,,,,,,,,
82.3,3047,2204,279,543,21,47.14,1,5,,,,,,,,,,,
84.1,2808,2279,219,299,11,41.74,2,4,,,,,,,,,,,
82.4,2616,1935,245,416,20,10.99,2,3,,,,,,,,,,,
89.93,2338,1867,191,262,18,15.25,2,4,,,,,,,,,,,
80.76,2204,1568,258,353,25,69.15,4,2,,,,,,,,,,,
78.51,2473,1623,281,541,28,7.24,3,5,,,,,,,,,,,
81.5,2476,1936,221,297,22,18.29,2,4,,,,,,,,,,,
93.43,2541,1868,247,414,12,66.94,2,5,,,,,,,,,,,
99.45,2034,1569,193,260,12,29.93,3,5,,,,,,,,,,,
81,2256,1624,260,351,21,14.14,2,4,,,,,,,,,,,
80.59,3200,2203,337,641,19,9.41,3,3,,,,,,,,,,,
83.46,3128,2278,282,542,26,34.6,4,5,,,,,,,,,,,
85.1,2483,1934,222,298,29,43.2,3,3,,,,,,,,,,,
88.38,2552,1866,248,415,23,37.8,3,3,,,,,,,,,,,
87.4,2035,1567,194,261,13,7.05,2,4,,,,,,,,,,,
80.59,2257,1622,261,352,22,11.31,2,3,,,,,,,,,,,
99.45,3201,2201,338,642,20,65.21,4,4,,,,,,,,,,,
89.6,3129,2276,283,543,27,8.3,2,3,,,,,,,,,,,
97.86,2484,1932,223,299,30,14.35,4,5,,,,,,,,,,,
90.56,2579,1864,280,416,19,63,3,2,,,,,,,,,,,
80.59,2360,1869,220,262,9,25.99,2,2,,,,,,,,,,,
80.2,2472,1570,246,638,18,10.2,2,5,,,,,,,,,,,
77.8,2372,1625,192,539,16,5.47,3,2,,,,,,,,,,,
87.54,2853,2204,331,295,23,105.32,5,3,,,,,,,,,,,
80.18,2993,2279,276,412,26,8.1,1,5,,,,,,,,,,,
81.2,2472,1935,216,301,20,14.84,2,5,,,,,,,,,,,
83,2549,1867,242,418,22,68.74,3,4,,,,,,,,,,,
79.5481,2036,1568,188,264,16,6.83,4,2,,,,,,,,,,,
87,2239,1623,255,355,6,17.88,3,1,,,,,,,,,,,
80.18,3194,2202,332,645,15,66.53,2,4,,,,,,,,,,,
78.51,3168,2277,332,546,13,29.52,4,2,,,,,,,,,,,
83.1,2226,1627,277,302,20,13.73,2,5,,,,,,,,,,,
85.46,2862,2206,217,419,20,9,3,5,,,,,,,,,,,
97.86,2812,2281,243,265,23,108.85,4,3,,,,,,,,,,,
94,2499,1937,189,356,17,96.98,3,5,,,,,,,,,,,
90.56,2778,1869,256,646,7,144.08,2,5,,,,,,,,,,,
83.87,2466,1570,333,547,16,15.05,2,2,,,,,,,,,,,
77.8,2333,1625,278,416,14,63.7,2,3,,,,,,,,,,,
79,2705,2204,218,262,21,26.69,5,3,,,,,,,,,,,
100.4,2900,2279,244,353,24,10.9,3,5,,,,,,,,,,,
77.21,2781,1935,190,643,13,6.17,4,2,,,,,,,,,,,
85.403,2743,1867,329,544,3,106.02,3,2,,,,,,,,,,,
85.46,2172,1568,274,300,30,94.15,3,3,,,,,,,,,,,
85.58,2278,1623,214,417,24,141.25,2,5,,,,,,,,,,,
88,2818,2202,339,263,14,10.2,2,4,,,,,,,,,,,
80.59,2863,2202,284,354,23,5.7,2,3,,,,,,,,,,,
94.3,3166,2277,224,644,21,52.05,3,5,,,,,,,,,,,
85.46,2756,1933,250,545,28,6.7,4,3,,,,,,,,,,,
88.87,2393,1865,196,301,31,94.56,1,5,,,,,,,,,,,
93.2,2339,1566,335,418,20,101.98,2,4,,,,,,,,,,,
80.76,2175,1621,280,264,10,14.24,2,3,,,,,,,,,,,
87.54,2982,2200,220,543,19,36.84,2,4,,,,,,,,,,,
85.1,2837,2275,246,299,17,45.44,4,2,,,,,,,,,,,
89.5,2563,1931,192,416,24,40.04,3,5,,,,,,,,,,,
94,2399,1863,259,262,15,48.39,2,4,,,,,,,,,,,
80.59,2277,1564,336,353,24,42.99,2,5,,,,,,,,,,,
95.5,2565,1619,281,643,22,12.24,3,5,,,,,,,,,,,
81.5,2992,2198,221,544,29,16.5,2,4,,,,,,,,,,,
84.2,2852,2273,247,300,32,70.4,3,3,,,,,,,,,,,
85.2,2907,2276,193,417,21,8.49,4,5,,,,,,,,,,,
76.97,2466,1932,260,263,11,19.54,3,3,,,,,,,,,,,
89,2783,1864,260,639,20,68.19,3,3,,,,,,,,,,,
88.7,2406,1565,283,540,18,31.18,2,4,,,,,,,,,,,
92.7,2164,1620,223,296,25,15.39,2,3,,,,,,,,,,,
85.46,2889,2199,249,413,28,10.66,4,4,,,,,,,,,,,
80.59,3134,2274,195,643,22,35.85,2,3,,,,,,,,,,,
83.7,2760,1930,262,544,24,44.45,4,5,,,,,,,,,,,
79,2856,2199,339,300,18,39.05,3,2,,,,,,,,,,,
100.4,2992,2274,284,417,17,8.3,2,2,,,,,,,,,,,
85.2,2441,1930,224,263,24,12.56,2,5,,,,,,,,,,,
80.59,2493,1862,250,354,27,66.46,3,2,,,,,,,,,,,
83.7,2424,1563,196,644,21,9.55,5,3,,,,,,,,,,,
80.5,2437,1618,263,545,11,15.6,3,5,,,,,,,,,,,
85.58,2858,2197,340,301,20,64.25,4,2,,,,,,,,,,,
90.56,2993,2272,285,418,18,27.24,3,2,,,,,,,,,,,
81.2,2442,1928,225,264,25,11.45,3,3,,,,,,,,,,,
82.8,2810,1860,282,640,28,6.72,4,5,,,,,,,,,,,
82.05,2645,1865,222,541,17,106.57,1,4,,,,,,,,,,,
86.6,2118,1566,248,297,7,9.35,2,5,,,,,,,,,,,
89.38,2245,1621,194,414,16,16.09,2,4,,,,,,,,,,,
82.3,2669,2200,195,260,14,69.99,3,3,,,,,,,,,,,
78.18,2909,2275,262,351,21,8.08,4,5,,,,,,,,,,,
85.6,2939,1931,339,641,28,19.13,3,2,,,,,,,,,,,
90.2,2706,1863,284,542,17,67.78,5,4,,,,,,,,,,,
82.4,2060,1564,224,265,7,30.77,4,2,,,,,,,,,,,
80.59,2241,1619,250,356,16,108.07,1,4,,,,,,,,,,,
86.7,3054,2198,196,646,14,96.2,2,3,,,,,,,,,,,
80.76,3104,2273,263,547,21,143.3,2,4,,,,,,,,,,,
92.7,2278,1623,340,303,12,14.27,4,2,,,,,,,,,,,
96,2928,2202,285,420,21,62.92,5,3,,,,,,,,,,,
82.3,2787,2277,225,266,19,25.91,2,2,,,,,,,,,,,
82.4,2567,1933,251,357,26,10.12,2,5,,,,,,,,,,,
80.76,2738,1865,197,647,29,5.39,2,2,,,,,,,,,,,
99.4,2468,1566,336,548,18,105.24,3,3,,,,,,,,,,,
84.9,2214,1621,281,304,8,93.37,4,3,,,,,,,,,,,
80.59,2859,2200,221,421,17,140.47,1,4,,,,,,,,,,,
77.21,2804,2275,247,267,15,9.42,2,5,,,,,,,,,,,
80.5,2789,1931,193,643,22,4.92,2,4,,,,,,,,,,,
85.58,2692,1863,260,544,25,51.27,2,3,,,,,,,,,,,
85.2,2220,1564,337,300,19,5.92,4,2,,,,,,,,,,,
80.59,2339,1619,282,417,21,93.78,3,5,,,,,,,,,,,
87.4,2698,2198,222,263,15,65.66,2,4,,,,,,,,,,,
80.6,2814,2198,248,354,14,8.75,2,2,,,,,,,,,,,
87.54,3132,2273,194,644,21,14.8,3,5,,,,,,,,,,,
89.2,2759,1929,261,545,24,63.45,4,5,,,,,,,,,,,
82.1,2464,1861,284,301,18,26.44,3,5,,,,,,,,,,,
97,2927,2277,224,418,8,10.65,3,4,,,,,,,,,,,
85.6,2464,1933,250,264,17,5.92,4,5,,,,,,,,,,,
82.3,2431,1865,196,355,15,105.77,3,4,,,,,,,,,,,
92.5,2394,1566,263,543,22,8.55,5,3,,,,,,,,,,,
81.2,2285,1621,340,299,25,15.29,1,1,,,,,,,,,,,
86.7,2915,2200,285,416,14,69.19,2,5,,,,,,,,,,,
80.76,2766,2275,225,262,4,7.28,2,1,,,,,,,,,,,
97.86,2895,2278,251,353,13,18.33,5,4,,,,,,,,,,,
89.2,2561,1934,197,419,11,66.98,4,4,,,,,,,,,,,
80.59,2413,1866,264,265,18,29.97,3,5,,,,,,,,,,,
77.21,2289,1567,341,356,25,14.18,2,5,,,,,,,,,,,
82.8,2568,1622,286,646,14,9.45,2,4,,,,,,,,,,,
88.38,2978,2201,226,547,4,109.3,5,3,,,,,,,,,,,
80.18,2875,2276,283,303,13,97.43,2,5,,,,,,,,,,,
77.43,2700,1932,337,420,11,144.53,3,5,,,,,,,,,,,
95.5,2430,1864,282,266,18,15.5,4,5,,,,,,,,,,,
80.6,2341,1565,222,545,9,64.15,3,4,,,,,,,,,,,
90.2,2187,1620,248,301,18,27.14,3,3,,,,,,,,,,,
85.2,2827,2199,194,418,16,11.35,4,3,,,,,,,,,,,
87.67,2747,2199,261,264,23,6.62,1,4,,,,,,,,,,,
78.18,2993,2274,338,355,26,106.47,2,2,,,,,,,,,,,
83.42,2873,1930,283,645,15,94.6,2,4,,,,,,,,,,,
77.9564,2636,1862,223,546,5,141.7,4,5,,,,,,,,,,,
79.4,2874,2278,280,302,14,10.65,1,1,,,,,,,,,,,
80.59,2585,1934,220,419,12,6.15,2,5,,,,,,,,,,,
86.7,2396,1866,246,265,19,52.5,5,4,,,,,,,,,,,
80.76,2422,1567,192,641,22,7.15,2,5,,,,,,,,,,,
97.86,2373,1622,193,542,16,95.01,3,5,,,,,,,,,,,
89.2,3118,2201,260,639,18,102.43,4,4,,,,,,,,,,,
80.59,3165,2276,337,540,12,36.09,3,3,,,,,,,,,,,
86.7,2868,2279,282,296,11,44.69,3,5,,,,,,,,,,,
77.8,2703,1935,337,413,18,39.29,4,5,,,,,,,,,,,
85.2,2429,1867,282,259,21,8.54,5,4,,,,,,,,,,,
84.2,2155,1568,222,350,15,12.8,2,3,,,,,,,,,,,
81.2,2516,1623,248,640,5,66.7,2,5,,,,,,,,,,,
87.6,2951,2202,194,541,14,9.79,4,4,,,,,,,,,,,
83.42,2890,2277,333,264,16,15.84,1,3,,,,,,,,,,,
94,2580,1933,278,355,14,64.49,2,5,,,,,,,,,,,
90.56,2749,1865,218,645,21,27.48,2,4,,,,,,,,,,,
84,2380,1566,244,546,24,11.69,2,2,,,,,,,,,,,
80.2,2131,1621,190,302,18,6.96,3,5,,,,,,,,,,,
79.5481,2896,2200,257,419,20,106.81,4,4,,,,,,,,,,,
87.54,2813,2200,334,265,14,9.59,1,5,,,,,,,,,,,
87.4,2923,2275,279,356,13,16.33,2,3,,,,,,,,,,,
80.59,2816,1931,219,646,20,70.23,2,5,,,,,,,,,,,
95.5,2678,1863,245,547,23,8.32,2,5,,,,,,,,,,,
84.2,2790,2279,191,303,17,19.37,4,5,,,,,,,,,,,
85.2,2620,1935,258,420,7,68.02,5,4,,,,,,,,,,,
92.34,2430,1867,281,266,16,31.01,2,3,,,,,,,,,,,
84.9,2445,1568,221,642,14,108.31,5,2,,,,,,,,,,,
88,2434,1623,247,543,21,96.44,3,4,,,,,,,,,,,
82.4,2718,2202,193,299,24,143.54,2,3,,,,,,,,,,,
91.2,2966,2277,260,416,13,14.51,3,2,,,,,,,,,,,
89.2,2882,2280,337,262,3,63.16,4,4,,,,,,,,,,,
80.59,2583,1936,282,353,12,26.15,3,5,,,,,,,,,,,
83.4,2749,1868,222,643,16,10.36,3,4,,,,,,,,,,,
81,2371,1569,248,544,10,5.63,4,5,,,,,,,,,,,
88.38,2127,1624,194,300,9,105.48,1,4,,,,,,,,,,,
87.4,2897,2203,261,417,16,93.61,2,3,,,,,,,,,,,
77.21,2898,2278,338,263,19,140.71,2,5,,,,,,,,,,,
81,2584,1934,283,354,13,9.66,1,4,,,,,,,,,,,
80.76,2634,1866,223,542,3,5.16,2,3,,,,,,,,,,,
88,2157,1567,280,298,12,51.51,2,5,,,,,,,,,,,
84.9,2385,1622,334,415,14,6.16,2,5,,,,,,,,,,,
76.97,2753,2201,279,261,12,94.02,4,5,,,,,,,,,,,
83.46,2791,2201,219,352,19,65.9,3,4,,,,,,,,,,,
81.5,2961,2276,245,418,22,8.99,2,3,,,,,,,,,,,
79.4,2403,1932,191,264,16,15.04,2,3,,,,,,,,,,,
85.2,2196,1565,258,355,18,63.69,3,5,,,,,,,,,,,
80.2,2612,1620,335,645,12,26.68,5,4,,,,,,,,,,,
84.9,3099,2199,343,546,11,10.89,5,3,,,,,,,,,,,
82.4,2807,2199,288,302,18,6.16,4,3,,,,,,,,,,,
84.7,2942,2274,228,419,21,106.01,3,5,,,,,,,,,,,
88,2495,1930,285,265,15,8.79,2,4,,,,,,,,,,,
84,2758,1862,339,544,13,15.53,2,4,,,,,,,,,,,
83.7,2877,2278,284,300,15,69.43,3,5,,,,,,,,,,,
81.5,2588,1934,224,417,13,7.52,2,4,,,,,,,,,,,
82.3,2399,1866,250,263,20,18.57,3,3,,,,,,,,,,,
84.9,2140,1567,196,354,23,67.22,5,5,,,,,,,,,,,
77.8,2546,1622,263,644,17,30.21,2,5,,,,,,,,,,,
95.5,3105,2201,340,545,19,14.42,2,4,,,,,,,,,,,
80.76,2875,2276,285,301,13,9.69,2,4,,,,,,,,,,,
86.1,2929,2274,225,418,12,109.54,4,5,,,,,,,,,,,
89.2,2842,2277,282,264,19,97.67,3,5,,,,,,,,,,,
80.3,2817,1933,222,640,22,106.42,2,5,,,,,,,,,,,
85,2670,1865,248,541,16,9.2,2,5,,,,,,,,,,,
79.4,2412,1566,194,638,14,15.94,3,4,,,,,,,,,,,
90.2,2373,1621,195,539,18,69.84,2,3,,,,,,,,,,,
88.6,2773,2200,262,295,16,7.93,2,3,,,,,,,,,,,
80.59,3049,2275,339,412,23,18.98,2,5,,,,,,,,,,,
82.8,2499,1931,284,258,26,67.63,2,5,,,,,,,,,,,
85.46,2571,1863,339,349,20,30.62,4,5,,,,,,,,,,,
87.1,2509,1564,284,639,22,107.92,3,4,,,,,,,,,,,
84.9,2399,1619,224,540,16,96.05,2,3,,,,,,,,,,,
85.3,558,417,55,69,17,36.08,3,2,,,,,,,,,,,
87.5,565,392,77,77,19,30.31,3,3,,,,,,,,,,,
87.2,730,551,56,100,23,7.06,2,5,,,,,,,,,,,
91.2,810,595,78,120,17,15.9,2,5,,,,,,,,,,,
99.2,685,506,60,106,13,19.02,2,2,,,,,,,,,,,
87.2,853,603,73,152,25,124.25,2,3,,,,,,,,,,,
94.3,705,514,55,115,21,115.25,4,5,,,,,,,,,,,
90.1,821,612,46,137,26,120.56,3,4,,,,,,,,,,,
93.8,778,557,60,142,19,987.62,3,2,,,,,,,,,,,
95.8,804,588,63,136,17,997.31,2,5,,,,,,,,,,,
81.2,795,586,53,131,25,278.88,2,5,,,,,,,,,,,
86.4,775,560,75,115,25,92.94,4,4,,,,,,,,,,,
83.7,799,604,57,113,25,654.17,5,3,,,,,,,,,,,
97.43,707,515,48,119,25,35.54,3,5,,,,,,,,,,,
84.81,850,613,62,151,24,29.77,4,3,,,,,,,,,,,
85.6,757,558,65,110,24,6.52,1,5,,,,,,,,,,,
92.7,791,589,55,125,22,15.36,2,4,,,,,,,,,,,
90.3,566,419,57,73,17,18.48,2,3,,,,,,,,,,,
98.2,582,394,79,81,28,123.71,2,4,,,,,,,,,,,
95.1,730,553,58,104,15,114.71,4,2,,,,,,,,,,,
79.2,819,597,80,124,18,120.02,3,5,,,,,,,,,,,
88.6,705,508,62,110,25,678,2,4,,,,,,,,,,,
89.23,861,605,75,156,25,736,2,5,,,,,,,,,,,
89.5,717,516,57,119,25,278.34,3,5,,,,,,,,,,,
88.9,826,614,48,141,23,92.4,2,4,,,,,,,,,,,
78.6,786,559,62,146,19,653.63,3,3,,,,,,,,,,,
87.18,823,590,65,140,28,35,4,5,,,,,,,,,,,
84.21,806,588,55,135,28,29.23,3,3,,,,,,,,,,,
89.4,824,562,77,160,25,10,3,3,,,,,,,,,,,
88,807,606,59,114,28,14.82,2,4,,,,,,,,,,,
84.21,713,517,50,121,25,941,2,3,,,,,,,,,,,
87.18,842,615,64,135,28,178,4,4,,,,,,,,,,,
84.21,777,560,67,129,21,277.41,2,3,,,,,,,,,,,
89.1,822,591,76,133,22,91.47,4,5,,,,,,,,,,,
86.7,648,421,76,124,27,652.7,3,2,,,,,,,,,,,
83.4,580,396,58,112,14,34.07,2,2,,,,,,,,,,,
94.5,766,555,71,123,17,28.3,2,5,,,,,,,,,,,
91.6,819,599,53,146,21,8.1,3,2,,,,,,,,,,,
97.1,675,510,44,108,13,13.89,5,3,,,,,,,,,,,
95.6,810,607,58,135,10,17.01,3,5,,,,,,,,,,,
82.39,677,518,61,75,23,122.24,4,2,,,,,,,,,,,
99,760,616,51,74,19,113.24,3,2,,,,,,,,,,,
94.7,808,561,73,153,21,118.55,3,3,,,,,,,,,,,
96.7,757,592,55,95,15,676.53,4,5,,,,,,,,,,,
91,778,590,46,130,12,734.53,1,4,,,,,,,,,,,
82.39,782,564,60,135,23,276.87,2,5,,,,,,,,,,,
85.5,815,608,63,121,23,90.93,2,4,,,,,,,,,,,
81.7,729,519,53,135,22,652.16,3,3,,,,,,,,,,,
87.4,860,617,55,167,21,279.12,4,5,,,,,,,,,,,
82.81,772,562,77,111,22,93.18,3,2,,,,,,,,,,,
81.1,800,593,56,123,28,654.41,5,4,,,,,,,,,,,
84.7,740,514,78,128,20,35.78,4,2,,,,,,,,,,,
81.47,817,612,60,125,20,30.01,1,4,,,,,,,,,,,
79.37,785,557,73,130,25,6.76,2,3,,,,,,,,,,,
82.81,767,588,55,106,18,15.6,2,4,,,,,,,,,,,
79.37,760,586,46,103,25,18.72,4,2,,,,,,,,,,,
84.4,802,560,60,156,26,123.95,5,3,,,,,,,,,,,
82.21,799,604,63,109,23,114.95,2,2,,,,,,,,,,,
97,722,515,53,131,23,120.26,2,5,,,,,,,,,,,
97,847,613,75,136,23,457,2,2,,,,,,,,,,,
91.7,769,558,57,130,24,736.24,3,3,,,,,,,,,,,
85.18,782,589,48,125,20,278.58,4,3,,,,,,,,,,,
81.7,606,419,62,109,16,92.64,1,4,,,,,,,,,,,
85.2,592,394,65,107,26,653.87,2,5,,,,,,,,,,,
97.1,753,553,74,113,13,35.24,2,4,,,,,,,,,,,
77,842,597,74,145,26,29.47,2,3,,,,,,,,,,,
85.18,696,508,56,105,27,10.24,4,2,,,,,,,,,,,
82.21,840,605,69,137,29,15.06,3,5,,,,,,,,,,,
90.29,663,516,51,70,26,197,2,4,,,,,,,,,,,
86.59,747,614,42,73,18,203,2,2,,,,,,,,,,,
82.39,739,559,56,106,18,277.65,3,5,,,,,,,,,,,
95.7,788,590,59,114,25,91.71,4,5,,,,,,,,,,,
82.21,786,588,49,120,29,652.94,3,5,,,,,,,,,,,
87.1,845,585,71,164,25,34.31,3,4,,,,,,,,,,,
92.1,772,583,53,110,26,28.54,4,5,,,,,,,,,,,
82.21,755,557,44,131,23,8.34,3,4,,,,,,,,,,,
87.4,839,601,58,156,24,14.13,5,3,,,,,,,,,,,
86,734,512,61,140,21,17.25,1,1,,,,,,,,,,,
91,824,610,51,145,18,122.48,2,5,,,,,,,,,,,
97,791,555,53,157,26,113.48,2,1,,,,,,,,,,,
83.4,789,586,75,114,14,118.79,5,4,,,,,,,,,,,
82.4,612,416,54,126,16,185,4,4,,,,,,,,,,,
84.6,625,391,76,138,20,234,3,5,,,,,,,,,,,
90,736,550,58,114,14,277.11,2,5,,,,,,,,,,,
97.1,786,594,71,111,10,91.17,2,4,,,,,,,,,,,
85,704,505,53,122,24,652.4,5,3,,,,,,,,,,,
92.3,808,602,44,143,19,279.36,2,5,,,,,,,,,,,
89.6,719,513,58,125,23,93.42,3,5,,,,,,,,,,,
92.5,830,611,61,142,16,654.65,4,5,,,,,,,,,,,
94.6,703,556,51,79,17,36.02,3,4,,,,,,,,,,,
80.1,772,587,73,88,24,30.25,3,3,,,,,,,,,,,
84.5,811,608,55,123,25,7,4,3,,,,,,,,,,,
80,744,553,46,123,22,15.84,1,4,,,,,,,,,,,
91.08,785,584,60,119,22,18.96,2,2,,,,,,,,,,,
82.18,830,582,63,163,22,124.19,2,4,,,,,,,,,,,
82.3,771,556,72,120,23,115.19,4,5,,,,,,,,,,,
91.3,823,600,72,132,19,120.5,1,1,,,,,,,,,,,
89.6,722,511,54,142,15,224,2,5,,,,,,,,,,,
96.7,836,609,67,135,25,487,5,4,,,,,,,,,,,
93.7,763,554,49,147,13,278.82,2,5,,,,,,,,,,,
76.9,792,585,40,148,19,92.88,3,5,,,,,,,,,,,
84.9,592,415,54,99,24,654.11,4,4,,,,,,,,,,,
83.15,601,390,57,135,19,35.48,3,3,,,,,,,,,,,
86.5,708,549,47,90,22,29.71,3,5,,,,,,,,,,,
87.2,760,593,69,80,18,10.48,4,5,,,,,,,,,,,
76.93,737,504,51,159,23,15.3,5,4,,,,,,,,,,,
83.53,762,601,42,103,16,554,2,3,,,,,,,,,,,
82.6,700,512,56,118,14,647,2,5,,,,,,,,,,,
84.63,823,610,59,133,21,277.89,4,4,,,,,,,,,,,
86.7,748,555,49,122,22,91.95,1,3,,,,,,,,,,,
82.5,782,586,51,126,19,653.18,2,5,,,,,,,,,,,
83.53,635,398,73,148,16,34.55,2,4,,,,,,,,,,,
82.6,736,557,52,101,26,28.78,2,2,,,,,,,,,,,
86.8,823,601,74,123,25,8.58,3,5,,,,,,,,,,,
84.9,746,512,56,152,26,14.37,4,4,,,,,,,,,,,
82.6,820,609,69,111,31,17.49,1,5,,,,,,,,,,,
92.7,730,520,51,133,26,122.72,2,3,,,,,,,,,,,
89.4,771,618,42,81,30,113.72,2,5,,,,,,,,,,,
96.2,723,563,56,81,23,119.03,2,5,,,,,,,,,,,
93.4,778,594,59,101,24,147,4,5,,,,,,,,,,,
79.93,780,592,49,110,29,478,5,4,,,,,,,,,,,
98,786,589,71,107,19,277.35,2,3,,,,,,,,,,,
90.3,818,587,53,161,17,91.41,5,2,,,,,,,,,,,
95,731,561,44,103,23,652.64,5,2,,,,,,,,,,,
90,796,605,58,118,15,279.6,2,5,,,,,,,,,,,
79.93,731,516,61,141,13,93.66,2,4,,,,,,,,,,,
80.4,845,614,70,133,28,654.89,3,5,,,,,,,,,,,
78,802,559,70,148,25,36.26,2,5,,,,,,,,,,,
82.63,830,590,52,160,28,30.49,3,4,,,,,,,,,,,
80.18,612,420,65,106,21,7.24,4,3,,,,,,,,,,,
80.8,591,395,47,127,22,16.08,3,5,,,,,,,,,,,
82.6,770,554,38,152,26,19.2,2,3,,,,,,,,,,,
78.11,793,598,52,123,20,124.43,3,4,,,,,,,,,,,
78.1,701,509,55,121,16,115.43,2,1,,,,,,,,,,,
80.18,800,606,45,122,27,120.74,3,2,,,,,,,,,,,
78.103,756,517,67,158,14,478,4,5,,,,,,,,,,,
82.5,796,615,49,117,15,912,3,4,,,,,,,,,,,
80.58,764,560,40,141,23,279.06,2,1,,,,,,,,,,,
96.1,750,591,54,81,24,93.12,2,2,,,,,,,,,,,
94.2,773,612,57,80,24,654.35,2,5,,,,,,,,,,,
90.4,728,557,47,105,19,35.72,4,2,,,,,,,,,,,
81.53,757,588,49,103,17,29.95,3,4,,,,,,,,,,,
78,802,586,71,122,23,10.72,2,5,,,,,,,,,,,
82.6,843,601,50,166,26,15.54,2,2,,,,,,,,,,,
95.2,718,512,72,112,22,278,3,5,,,,,,,,,,,
76.5,823,610,54,133,26,141,2,5,,,,,,,,,,,
81.53,802,555,67,158,22,278.13,3,4,,,,,,,,,,,
80.58,801,586,49,142,24,92.19,4,2,,,,,,,,,,,
86.2,812,607,40,147,18,653.42,3,5,,,,,,,,,,,
82.92,769,552,54,148,15,34.79,3,5,,,,,,,,,,,
79.93,774,583,57,110,24,29.02,5,5,,,,,,,,,,,
94.1,778,581,47,137,13,8.82,1,1,,,,,,,,,,,
80.58,724,555,69,77,23,14.61,2,4,,,,,,,,,,,
84.8,748,599,51,76,22,17.73,2,5,,,,,,,,,,,
88.1,737,510,42,162,23,122.96,2,4,,,,,,,,,,,
80.6,796,608,56,106,26,113.96,2,1,,,,,,,,,,,
82.63,707,553,59,73,22,119.27,3,5,,,,,,,,,,,
84.7,777,584,62,107,24,325,1,5,,,,,,,,,,,
90.4,611,414,52,127,18,547,2,5,,,,,,,,,,,
95.15,571,389,54,113,15,277.59,3,4,,,,,,,,,,,
81.2,815,548,76,167,24,91.65,4,2,,,,,,,,,,,
80.8,771,592,55,111,13,652.88,3,1,,,,,,,,,,,
80.2,744,503,77,142,22,279.84,2,4,,,,,,,,,,,
82.3,831,600,59,147,25,93.9,4,2,,,,,,,,,,,
90.8,849,612,72,141,24,655.13,2,5,,,,,,,,,,,
82,771,557,54,136,24,36.5,3,5,,,,,,,,,,,
91,816,588,45,161,22,30.73,4,3,,,,,,,,,,,
87,609,418,59,115,17,7.48,3,5,,,,,,,,,,,
90,607,393,62,122,30,16.32,2,5,,,,,,,,,,,
92.1,773,552,52,136,33,19.44,2,2,,,,,,,,,,,
79.4,836,596,74,137,29,124.67,2,3,,,,,,,,,,,
83.4,745,507,60,145,33,115.67,4,5,,,,,,,,,,,
78.2,787,604,63,91,29,120.98,3,4,,,,,,,,,,,
88.8,711,515,53,112,31,736,3,2,,,,,,,,,,,
80.56,856,613,55,161,27,674,2,4,,,,,,,,,,,
79.6,767,558,77,110,22,279.3,2,3,,,,,,,,,,,
89.6,812,589,56,142,25,93.36,4,5,,,,,,,,,,,
87,786,610,78,77,21,654.59,2,5,,,,,,,,,,,
94.6,721,555,60,80,26,35.96,3,2,,,,,,,,,,,
91,783,586,73,105,19,30.19,3,3,,,,,,,,,,,
78.6,766,584,55,110,17,10.96,3,5,,,,,,,,,,,
83.15,773,599,46,105,23,15.78,4,3,,,,,,,,,,,
82.46,741,510,60,159,12,812,1,5,,,,,,,,,,,
84.3,806,608,63,112,23,741,2,4,,,,,,,,,,,
85.1,768,553,53,134,28,278.37,2,3,,,,,,,,,,,
78.34,821,584,75,139,23,92.43,2,4,,,,,,,,,,,
81.9,816,605,57,126,28,653.66,4,2,,,,,,,,,,,
81.2,750,550,48,131,21,35.03,3,5,,,,,,,,,,,
85.53,765,555,62,128,20,29.26,2,4,,,,,,,,,,,
84.9,801,586,65,133,17,9.06,2,5,,,,,,,,,,,
81.15,811,584,75,139,13,14.85,3,5,,,,,,,,,,,
81.9,732,558,54,97,23,17.97,2,4,,,,,,,,,,,
79.8,814,602,76,125,11,123.2,3,3,,,,,,,,,,,
87.4,672,513,58,81,20,114.2,4,5,,,,,,,,,,,
83.1,776,611,71,71,23,119.51,3,3,,,,,,,,,,,
80.6,771,556,53,142,20,578,3,3,,,,,,,,,,,
90.1,760,587,44,105,24,874,2,4,,,,,,,,,,,
88,583,417,58,90,18,277.83,2,3,,,,,,,,,,,
94.7,575,392,61,105,17,91.89,4,4,,,,,,,,,,,
91.4,741,551,51,115,24,653.12,2,3,,,,,,,,,,,
78.7,797,595,73,101,28,280.08,4,5,,,,,,,,,,,
97,738,506,55,150,27,94.14,3,2,,,,,,,,,,,
87.2,780,603,46,104,27,655.37,2,2,,,,,,,,,,,
94.4,712,514,60,111,27,36.74,2,5,,,,,,,,,,,
89,815,612,63,125,15,30.97,3,2,,,,,,,,,,,
78.7,772,557,72,119,24,7.72,5,3,,,,,,,,,,,
78.8,810,588,72,123,27,16.56,1,5,,,,,,,,,,,
76.2,594,400,54,114,26,19.68,2,5,,,,,,,,,,,
83.53,754,559,67,102,26,124.91,3,4,,,,,,,,,,,
78.56,789,603,49,113,24,115.91,4,2,,,,,,,,,,,
78.7,709,514,40,136,19,121.22,3,1,,,,,,,,,,,
80.9,795,611,54,98,32,788,2,4,,,,,,,,,,,
76.52,739,522,57,125,35,875,4,2,,,,,,,,,,,
77.12,763,620,47,65,31,279.54,2,5,,,,,,,,,,,
78.56,733,565,69,64,35,93.6,3,5,,,,,,,,,,,
77.12,841,596,70,144,31,654.83,4,3,,,,,,,,,,,
81.4,788,594,52,109,33,36.2,3,5,,,,,,,,,,,
79.15,771,591,43,108,29,30.43,2,5,,,,,,,,,,,
95,793,589,57,122,25,11.2,2,2,,,,,,,,,,,
91.1,768,563,60,117,28,16.02,2,3,,,,,,,,,,,
89,814,607,50,133,24,900,5,3,,,,,,,,,,,
83.4,848,601,72,142,33,197,3,5,,,,,,,,,,,
76.2,691,512,54,93,32,278.61,4,2,,,,,,,,,,,
78.2,814,610,45,129,30,92.67,3,2,,,,,,,,,,,
92.1,729,555,59,84,31,653.9,3,3,,,,,,,,,,,
75,818,590,74,125,29,35.27,2,5,,,,,,,,,,,
79.91,602,402,56,116,28,29.5,2,4,,,,,,,,,,,
79.15,762,561,69,104,28,9.3,2,3,,,,,,,,,,,
83,797,605,51,115,26,15.09,3,5,,,,,,,,,,,
81.14,717,516,42,138,21,18.21,4,3,,,,,,,,,,,
78.7,803,613,56,100,34,123.44,1,5,,,,,,,,,,,
92,747,524,59,127,37,114.44,2,4,,,,,,,,,,,
79.15,771,622,49,67,33,119.75,2,3,,,,,,,,,,,
85.4,741,567,71,66,37,12.5,2,4,,,,,,,,,,,
85.5,849,598,72,146,33,124,4,2,,,,,,,,,,,
79.2,796,596,54,111,35,278.07,3,5,,,,,,,,,,,
83.53,779,593,45,110,31,92.13,2,4,,,,,,,,,,,
82.9,801,591,59,124,27,653.36,2,5,,,,,,,,,,,
88,776,565,62,119,30,280.32,3,5,,,,,,,,,,,
92.72,822,609,52,135,26,94.38,2,4,,,,,,,,,,,
